Año,Formación Política,Origen,Fuente,Tipo,Subvención Estatal,Gobiernos Autonómicos,Cortes Generales,Asambleas Legislativas Autonómicas y Ciudades Autónomas,Entidades Locales,Parlamento  de Cataluña 01/11/2006,Elecciones Locales 27/05/2007,Parlamento de Andalucía 09/03/2008,Parlamento de Galicia 01/03/2009,Parlamento Vasco 01/03/2009,Parlamento Europeo 07/06/2009,Elecciones Locales 27/05/2007,Elecciones Generales 09/03/2008,Parlamento  de Cataluña 28/11/2010,Parlamento de Cataluña 28/11/2010,Elecciones Locales 22/05/2011,Elecciones Autonómicas 22/05/2011,Elecciones Generales 22/11/2011,Elecciones Locales 27/05/2007,Parlamento Europeo 07/06/2009,Elecciones Autonómicas 22/05/2011,Elecciones Locales 22/05/2011,Elecciones Generales 22/11/2011,Junta General Principado Asturias 25/03/2012,Parlamento de Andalucía 25/03/2012,Parlamento de Galicia 21/10/2012,Parlamento Vasco 21/10/2012,Parlamento de Cataluña 25/11/2012,"Cuotas y aportaciones de afiliados, adheridos y simpatizantes",Donaciones,Otros Ingresos Financiación Privada,Deuda con entidades de crédito,Total
2012,Partido Popular,Pública,Subvención,Funcionamiento Ordinario,"33190065,69","1825893,98","7709805,17","22754635,18","17967298,53",,,,,,,,,,,,,,,,,,,,,,,,,,,,"83.447.698,55 €"
2012,Partido Socialista Obrero Español,Pública,Subvención,Funcionamiento Ordinario,"18422695,51","2279522,5","4151412,16","16676854,93","13027063,89",,,,,,,,,,,,,,,,,,,,,,,,,,,,"54.557.548,99 €"
2012,Izquierda Unida,Pública,Subvención,Funcionamiento Ordinario,"3107791,43","106379,15",,"3870277,42","2786276,36",,,,,,,,,,,,,,,,,,,,,,,,,,,,"9.870.724,36 €"
2012,Convergencia i Unió,Pública,Subvención,Funcionamiento Ordinario,"150134,13",,"1113746,92","5264942,6","2476594,48",,,,,,,,,,,,,,,,,,,,,,,,,,,,"9.005.418,13 €"
2012,Partit dels Socialistes de Catalunya,Pública,Subvención,Funcionamiento Ordinario,"2757699,23",,,"2572846,02","3095054,23",,,,,,,,,,,,,,,,,,,,,,,,,,,,"8.425.599,48 €"
2012,Partido Nacionalista Vasco,Pública,Subvención,Funcionamiento Ordinario,"974625,62","2250184,28","734031,33","1126733,92","2557572,88",,,,,,,,,,,,,,,,,,,,,,,,,,,,"7.643.148,03 €"
2012,Otras formaciones,Pública,Subvención,Funcionamiento Ordinario,,,,,"6176513,15",,,,,,,,,,,,,,,,,,,,,,,,,,,,"6.176.513,15 €"
2012,Unión Progreso y Democracia,Pública,Subvención,Funcionamiento Ordinario,"2602741,15","47589,56","442058,91","828703,46","341592,75",,,,,,,,,,,,,,,,,,,,,,,,,,,,"4.262.685,83 €"
2012,Otras formaciones con representación parlamentaria,Pública,Subvención,Funcionamiento Ordinario,,,,"3669516,89",,,,,,,,,,,,,,,,,,,,,,,,,,,,,"3.669.516,89 €"
2012,Iniciativa per Catalunya-Verds,Pública,Subvención,Funcionamiento Ordinario,"754885,45",,,"1175625,97","1323460,89",,,,,,,,,,,,,,,,,,,,,,,,,,,,"3.253.972,31 €"
2012,Esquerra Republicana de Catalunya,Pública,Subvención,Funcionamiento Ordinario,"708825,87",,,"1206593,71","783698,13",,,,,,,,,,,,,,,,,,,,,,,,,,,,"2.699.117,71 €"
2012,Convergencia Democrática de Catalunya,Pública,Subvención,Funcionamiento Ordinario,"2193512,32",,,,"178315,82",,,,,,,,,,,,,,,,,,,,,,,,,,,,"2.371.828,14 €"
2012,Coalición Canaria,Pública,Subvención,Funcionamiento Ordinario,"262933,75",,,714600,"882149,23",,,,,,,,,,,,,,,,,,,,,,,,,,,,"1.859.682,98 €"
2012,Bloque Nacionalista Galego,Pública,Subvención,Funcionamiento Ordinario,"497827,3",,,"504677,51","434657,48",,,,,,,,,,,,,,,,,,,,,,,,,,,,"1.437.162,29 €"
2012,Unión del Pueblo Navarro,Pública,Subvención,Funcionamiento Ordinario,"383466,67",,,"910904,96",55923,,,,,,,,,,,,,,,,,,,,,,,,,,,,"1.350.294,63 €"
2012,Foro de Ciudadanos,Pública,Subvención,Funcionamiento Ordinario,"263734,36",,,"747188,76","323867,56",,,,,,,,,,,,,,,,,,,,,,,,,,,,"1.334.790,68 €"
2012,Amaiur,Pública,Subvención,Funcionamiento Ordinario,"1126800,35",,,,,,,,,,,,,,,,,,,,,,,,,,,,,,,,"1.126.800,35 €"
2012,Grupo Mixto,Pública,Subvención,Funcionamiento Ordinario,,,"1061133,11",,,,,,,,,,,,,,,,,,,,,,,,,,,,,,"1.061.133,11 €"
2012,Partido Aragonés,Pública,Subvención,Funcionamiento Ordinario,"300678,95",,,"415126,32","143266,11",,,,,,,,,,,,,,,,,,,,,,,,,,,,"859.071,38 €"
2012,Unió Democrática de Catalunya,Pública,Subvención,Funcionamiento Ordinario,"731170,77",,,,"42170,62",,,,,,,,,,,,,,,,,,,,,,,,,,,,"773.341,39 €"
2012,Aralar,Pública,Subvención,Funcionamiento Ordinario,,"273657,38",,"290732,46","120968,74",,,,,,,,,,,,,,,,,,,,,,,,,,,,"685.358,58 €"
2012,La Izquierda Plural,Pública,Subvención,Funcionamiento Ordinario,"64490,08",,"560369,64",,,,,,,,,,,,,,,,,,,,,,,,,,,,,,"624.859,72 €"
2012,Chunta Aragonesista,Pública,Subvención,Funcionamiento Ordinario,"150476,85",,,"312072,24","105967,79",,,,,,,,,,,,,,,,,,,,,,,,,,,,"568.516,88 €"
2012,Bloc-Iniciativa-Verds: Coalició Compromís,Pública,Subvención,Funcionamiento Ordinario,,"31040,28",,"420165,54","47212,68",,,,,,,,,,,,,,,,,,,,,,,,,,,,"498.418,50 €"
2012,Ezker Bauta Berdeak,Pública,Subvención,Funcionamiento Ordinario,,"132263,73",,"88767,38","218461,18",,,,,,,,,,,,,,,,,,,,,,,,,,,,"439.492,29 €"
2012,Euskal Herria Bildu,Pública,Subvención,Funcionamiento Ordinario,,"304130,07",,"112402,87",,,,,,,,,,,,,,,,,,,,,,,,,,,,,"416.532,94 €"
2012,Entesa Pel Progress de Catalunya,Pública,Subvención,Funcionamiento Ordinario,,,"393791,52",,,,,,,,,,,,,,,,,,,,,,,,,,,,,,"393.791,52 €"
2012,Bloc-Iniciativa-Verds-Equo-Coalició Comprom,Pública,Subvención,Funcionamiento Ordinario,"315094,36",,,,,,,,,,,,,,,,,,,,,,,,,,,,,,,,"315.094,36 €"
2012,Nueva Canarias,Pública,Subvención,Funcionamiento Ordinario,"155057,23",,,,104251,,,,,,,,,,,,,,,,,,,,,,,,,,,,"259.308,23 €"
2012,Eusko Alkartasuna,Pública,Subvención,Funcionamiento Ordinario,,"85362,77",,"97181,54",,,,,,,,,,,,,,,,,,,,,,,,,,,,,"182.544,31 €"
2012,Geroa Bai,Pública,Subvención,Funcionamiento Ordinario,"150294,26",,,,"6020,95",,,,,,,,,,,,,,,,,,,,,,,,,,,,"156.315,21 €"
2012,Bloc Nacionalista Valenciá ,Pública,Subvención,Funcionamiento Ordinario,,,,,"129884,98",,,,,,,,,,,,,,,,,,,,,,,,,,,,"129.884,98 €"
2012,Esquerra Unida i Alternativa,Pública,Subvención,Funcionamiento Ordinario,,,,,"48178,88",,,,,,,,,,,,,,,,,,,,,,,,,,,,"48.178,88 €"
2011,Partido Popular,Pública,Subvención,Funcionamiento Ordinario,"36823386,29","2195748,59","6317143,18","23367279,64","17822757,05",,,,,,,,,,,,,,,,,,,,,,,,,,,,"86.526.314,75 €"
2011,Partido Socialista Obrero Español,Pública,Subvención,Funcionamiento Ordinario,"33051886,63","2795237,36","6058131,22","18702616,18","15153967,09",,,,,,,,,,,,,,,,,,,,,,,,,,,,"75.761.838,48 €"
2011,Partit dels Socialistes de Catalunya,Pública,Subvención,Funcionamiento Ordinario,"5725686,96",,,"4030287,19","3707929,56",,,,,,,,,,,,,,,,,,,,,,,,,,,,"13.463.903,71 €"
2011,Convergencia i Unió,Pública,Subvención,Funcionamiento Ordinario,"135719,5",,"902665,99","7924504,52","2559172,68",,,,,,,,,,,,,,,,,,,,,,,,,,,,"11.522.062,69 €"
2011,Izquierda Unida,Pública,Subvención,Funcionamiento Ordinario,"2147659,34","263114,89","29663,94","3271795,33","3288117,19",,,,,,,,,,,,,,,,,,,,,,,,,,,,"9.000.350,69 €"
2011,Partido Nacionalista Vasco,Pública,Subvención,Funcionamiento Ordinario,"1211031,7","2535491,94","470691,49",1332720,"2446660,38",,,,,,,,,,,,,,,,,,,,,,,,,,,,"7.996.595,51 €"
2011,Otras formaciones,Pública,Subvención,Funcionamiento Ordinario,,,,,"6283637,14",,,,,,,,,,,,,,,,,,,,,,,,,,,,"6.283.637,14 €"
2011,Otras formaciones con representación parlamentaria,Pública,Subvención,Funcionamiento Ordinario,,,"419799,63","3827528,74",,,,,,,,,,,,,,,,,,,,,,,,,,,,,"4.247.328,37 €"
2011,Esquerra Republicana de Catalunya,Pública,Subvención,Funcionamiento Ordinario,990499,,"4344,32","1900039,63","1085760,16",,,,,,,,,,,,,,,,,,,,,,,,,,,,"3.980.643,11 €"
2011,Iniciativa per Catalunya-Verds,Pública,Subvención,Funcionamiento Ordinario,"558968,07",,,"1792325,63","1017465,19",,,,,,,,,,,,,,,,,,,,,,,,,,,,"3.368.758,89 €"
2011,Coalición Canaria,Pública,Subvención,Funcionamiento Ordinario,"567384,06",,"129139,99",649605,"942049,49",,,,,,,,,,,,,,,,,,,,,,,,,,,,"2.288.178,54 €"
2011,Convergencia Democrática de Catalunya,Pública,Subvención,Funcionamiento Ordinario,"1982488,22",,,,"203866,3",,,,,,,,,,,,,,,,,,,,,,,,,,,,"2.186.354,52 €"
2011,Unión Progreso y Democracia,Pública,Subvención,Funcionamiento Ordinario,"1070570,89","53415,41","85655,39","476114,45","192107,68",,,,,,,,,,,,,,,,,,,,,,,,,,,,"1.877.863,82 €"
2011,Bloque Nacionalista Galego,Pública,Subvención,Funcionamiento Ordinario,"657226,52",,"129139,99","518455,08","557019,2",,,,,,,,,,,,,,,,,,,,,,,,,,,,"1.861.840,79 €"
2011,Unión del Pueblo Navarro,Pública,Subvención,Funcionamiento Ordinario,"476241,2",,"94459,01","976701,05","67108,48",,,,,,,,,,,,,,,,,,,,,,,,,,,,"1.614.509,74 €"
2011,Aralar,Pública,Subvención,Funcionamiento Ordinario,,"377245,21",,367808,"140449,68",,,,,,,,,,,,,,,,,,,,,,,,,,,,"885.502,89 €"
2011,Unió Democrática de Catalunya,Pública,Subvención,Funcionamiento Ordinario,"660829,41",,,,"78364,32",,,,,,,,,,,,,,,,,,,,,,,,,,,,"739.193,73 €"
2011,Foro de Ciudadanos,Pública,Subvención,Funcionamiento Ordinario,"36630,47",,,"468278,43","158159,28",,,,,,,,,,,,,,,,,,,,,,,,,,,,"663.068,18 €"
2011,Partido Aragonés,Pública,Subvención,Funcionamiento Ordinario,"41761,77",,,"448773,51","167625,82",,,,,,,,,,,,,,,,,,,,,,,,,,,,"658.161,10 €"
2011,Nafarroa Bai,Pública,Subvención,Funcionamiento Ordinario,"202908,69",,"62573,4","290564,27","40941,68",,,,,,,,,,,,,,,,,,,,,,,,,,,,"596.988,04 €"
2011,Chunta Aragonesista,Pública,Subvención,Funcionamiento Ordinario,"20899,95",,,"328388,07","125524,22",,,,,,,,,,,,,,,,,,,,,,,,,,,,"474.812,24 €"
2011,Entesa Catalana de Progrès,Pública,Subvención,Funcionamiento Ordinario,,,"472768,7",,,,,,,,,,,,,,,,,,,,,,,,,,,,,,"472.768,70 €"
2011,Grupo Mixto,Pública,Subvención,Funcionamiento Ordinario,,,"440910,54",,,,,,,,,,,,,,,,,,,,,,,,,,,,,,"440.910,54 €"
2011,Eusko Alkartasuna,Pública,Subvención,Funcionamiento Ordinario,,"117675,23",,"110231,96","140945,69",,,,,,,,,,,,,,,,,,,,,,,,,,,,"368.852,88 €"
2011,Bloc-Iniciativa-Verds: Coalició Compromís,Pública,Subvención,Funcionamiento Ordinario,,"97976,3",,"220983,79","29513,43",,,,,,,,,,,,,,,,,,,,,,,,,,,,"348.473,52 €"
2011,Grupo Senadores Nacionalistas,Pública,Subvención,Funcionamiento Ordinario,,,"266151,43",,,,,,,,,,,,,,,,,,,,,,,,,,,,,,"266.151,43 €"
2011,Esquerra Unida- BLOC -VERDS -Izquierda Republicana: COMPROMÍS Pel País Valencià,Pública,Subvención,Funcionamiento Ordinario,,"69095,12",,"173799,35",,,,,,,,,,,,,,,,,,,,,,,,,,,,,"242.894,47 €"
2011,Amaiur,Pública,Subvención,Funcionamiento Ordinario,"156503,06",,"13647,1",,,,,,,,,,,,,,,,,,,,,,,,,,,,,,"170.150,16 €"
2011,Bloc Nacionalista Valenciá,Pública,Subvención,Funcionamiento Ordinario,,,,,102386,,,,,,,,,,,,,,,,,,,,,,,,,,,,"102.386,00 €"
2011,Bloc-Iniciativa-Verds-Equo-Coalició Compromís,Pública,Subvención,Funcionamiento Ordinario,"43763,94",,"1996,6",,,,,,,,,,,,,,,,,,,,,,,,,,,,,,"45.760,54 €"
2011,Geroa Bai,Pública,Subvención,Funcionamiento Ordinario,"20874,6",,"1996,6",,,,,,,,,,,,,,,,,,,,,,,,,,,,,,"22.871,20 €"
2011,Entesa pel Progres de Catalunya,Pública,Subvención,Funcionamiento Ordinario,,,"20461,29",,,,,,,,,,,,,,,,,,,,,,,,,,,,,,"20.461,29 €"
2010,Partido Popular,Pública,Subvención,Funcionamiento Ordinario,"35739905,46","2834525,48","6564211,88","21962842,6","17518460,14",,,,,,,,,,,,,,,,,,,,,,,,,,,,"84.619.945,56 €"
2010,Partido Socialista Obrero Español,Pública,Subvención,Funcionamiento Ordinario,"33831136,9","3458987,91","6509214,09","19908246,46","17834171,96",,,,,,,,,,,,,,,,,,,,,,,,,,,,"81.541.757,32 €"
2010,Partit dels Socialistes de Catalunya,Pública,Subvención,Funcionamiento Ordinario,"5927514,22",,,"3673693,76","4130226,07",,,,,,,,,,,,,,,,,,,,,,,,,,,,"13.731.434,05 €"
2010,Izquierda Unida,Pública,Subvención,Funcionamiento Ordinario,"1893923,32","211120,29",,"3201915,36","3997806,87",,,,,,,,,,,,,,,,,,,,,,,,,,,,"9.304.765,84 €"
2010,Partido Nacionalista Vasco,Pública,Subvención,Funcionamiento Ordinario,"1193414,78","2837336,22","485937,48","1344417,49","2671982,66",,,,,,,,,,,,,,,,,,,,,,,,,,,,"8.533.088,63 €"
2010,Convergencia i Unió,Pública,Subvención,Funcionamiento Ordinario,"127436,72",,"918772,2","4778012,32","2645484,52",,,,,,,,,,,,,,,,,,,,,,,,,,,,"8.469.705,76 €"
2010,Otras formaciones,Pública,Subvención,Funcionamiento Ordinario,,,,,"5347395,66",,,,,,,,,,,,,,,,,,,,,,,,,,,,"5.347.395,66 €"
2010,Esquerra Republicana de Catalunya,Pública,Subvención,Funcionamiento Ordinario,"989699,41",,,"2213516,68","1398862,31",,,,,,,,,,,,,,,,,,,,,,,,,,,,"4.602.078,40 €"
2010,Otras formaciones con representación parlamentaria,Pública,Subvención,Funcionamiento Ordinario,,,"465152,28","3100760,22",,,,,,,,,,,,,,,,,,,,,,,,,,,,,"3.565.912,50 €"
2010,Iniciativa per Catalunya-Verds,Pública,Subvención,Funcionamiento Ordinario,"503832,38",,,"1415202,48","1369369,1",,,,,,,,,,,,,,,,,,,,,,,,,,,,"3.288.403,96 €"
2010,Coalición Canaria,Pública,Subvención,Funcionamiento Ordinario,"565083,51",,"144777,92",672600,"903169,71",,,,,,,,,,,,,,,,,,,,,,,,,,,,"2.285.631,14 €"
2010,Bloque Nacionalista Galego,Pública,Subvención,Funcionamiento Ordinario,"652458,09",,"144777,92","518455,08","620451,04",,,,,,,,,,,,,,,,,,,,,,,,,,,,"1.936.142,13 €"
2010,Convergencia Democrática de Catalunya,Pública,Subvención,Funcionamiento Ordinario,"1861499,04",,,,"66371,34",,,,,,,,,,,,,,,,,,,,,,,,,,,,"1.927.870,38 €"
2010,Unión del Pueblo Navarro,Pública,Subvención,Funcionamiento Ordinario,"469283,52",,"72388,96",1060128,"66614,14",,,,,,,,,,,,,,,,,,,,,,,,,,,,"1.668.414,62 €"
2010,Unión Progreso y Democracia,Pública,Subvención,Funcionamiento Ordinario,"786692,42","53415,41","72388,96","110631,96",,,,,,,,,,,,,,,,,,,,,,,,,,,,,"1.023.128,75 €"
2010,Nafarroa Bai,Pública,Subvención,Funcionamiento Ordinario,"225120,52",,"72388,92",637824,"44570,51",,,,,,,,,,,,,,,,,,,,,,,,,,,,"979.903,95 €"
2010,Aralar,Pública,Subvención,Funcionamiento Ordinario,,"377245,21",,369408,"122470,48",,,,,,,,,,,,,,,,,,,,,,,,,,,,"869.123,69 €"
2010,Unió Democrática de Catalunya,Pública,Subvención,Funcionamiento Ordinario,"620499,71",,,,"30059,79",,,,,,,,,,,,,,,,,,,,,,,,,,,,"650.559,50 €"
2010,Esquerra Unida- BLOC -VERDS -Izquierda Republicana: COMPROMÍS Pel País Valencià,Pública,Subvención,Funcionamiento Ordinario,,"251500,82",,"380831,69",,,,,,,,,,,,,,,,,,,,,,,,,,,,,"632.332,51 €"
2010,Eusko Alkartasuna,Pública,Subvención,Funcionamiento Ordinario,,"131684,18",,"110026,93","314389,37",,,,,,,,,,,,,,,,,,,,,,,,,,,,"556.100,48 €"
2010,Entesa Catalana de Progrès,Pública,Subvención,Funcionamiento Ordinario,,,"543486,96",,,,,,,,,,,,,,,,,,,,,,,,,,,,,,"543.486,96 €"
2010,Grupo Mixto,Pública,Subvención,Funcionamiento Ordinario,,,"496821,96",,,,,,,,,,,,,,,,,,,,,,,,,,,,,,"496.821,96 €"
2010,Grupo Senadores Nacionalistas,Pública,Subvención,Funcionamiento Ordinario,,,"286280,92",,,,,,,,,,,,,,,,,,,,,,,,,,,,,,"286.280,92 €"
2009,Partido Popular,Pública,Subvención,Funcionamiento Ordinario,"35811529,68","3090225,01",6548949,"22833601,2","17438235,78",,,,,,,,,,,,,,,,,,,,,,,,,,,,"85.722.540,67 €"
2009,Partido Socialista Obrero Español,Pública,Subvención,Funcionamiento Ordinario,"33898935,87","3523065,9","6480569,49","20194874,41","17095716,68",,,,,,,,,,,,,,,,,,,,,,,,,,,,"81.193.162,35 €"
2009,Partit dels Socialistes de Catalunya,Pública,Subvención,Funcionamiento Ordinario,"5939393,21",,,"4631754,4","4231638,45",,,,,,,,,,,,,,,,,,,,,,,,,,,,"14.802.786,06 €"
2009,Convergencia i Unió,Pública,Subvención,Funcionamiento Ordinario,"956683,08",,"917070,12","5897747,8","2711757,51",,,,,,,,,,,,,,,,,,,,,,,,,,,,"10.483.258,51 €"
2009,Izquierda Unida,Pública,Subvención,Funcionamiento Ordinario,"1897718,82","236672,32",,"3151974,93","3842141,35",,,,,,,,,,,,,,,,,,,,,,,,,,,,"9.128.507,42 €"
2009,Partido Nacionalista Vasco,Pública,Subvención,Funcionamiento Ordinario,"1195806,42","2722676,56","484484,04","1122209,31","2760941,04",,,,,,,,,,,,,,,,,,,,,,,,,,,,"8.286.117,37 €"
2009,Esquerra Republicana de Catalunya,Pública,Subvención,Funcionamiento Ordinario,"991682,81",,,2818186,"1484914,58",,,,,,,,,,,,,,,,,,,,,,,,,,,,"5.294.783,39 €"
2009,Otras formaciones,Pública,Subvención,Funcionamiento Ordinario,,,,,"5284213,27",,,,,,,,,,,,,,,,,,,,,,,,,,,,"5.284.213,27 €"
2009,Otras formaciones con representación parlamentaria,Pública,Subvención,Funcionamiento Ordinario,,,463761,"3452727,61",,,,,,,,,,,,,,,,,,,,,,,,,,,,,"3.916.488,61 €"
2009,Iniciativa per Catalunya-Verds,Pública,Subvención,Funcionamiento Ordinario,"504842,08",,,"1777063,4","1458711,43",,,,,,,,,,,,,,,,,,,,,,,,,,,,"3.740.616,91 €"
2009,Coalición Canaria,Pública,Subvención,Funcionamiento Ordinario,"566215,96",,"142308,83",672600,"646111,83",,,,,,,,,,,,,,,,,,,,,,,,,,,,"2.027.236,62 €"
2009,Bloque Nacionalista Galego,Pública,Subvención,Funcionamiento Ordinario,"653765,64",,"142308,83","523966,11","629796,38",,,,,,,,,,,,,,,,,,,,,,,,,,,,"1.949.836,96 €"
2009,Unión del Pueblo Navarro,Pública,Subvención,Funcionamiento Ordinario,"470223,98",,"80907,29","1018510,43","71007,63",,,,,,,,,,,,,,,,,,,,,,,,,,,,"1.640.649,33 €"
2009,Convergencia Democrática de Catalunya,Pública,Subvención,Funcionamiento Ordinario,"1243486,34",,,,"137879,44",,,,,,,,,,,,,,,,,,,,,,,,,,,,"1.381.365,78 €"
2009,Unión Progreso y Democracia,Pública,Subvención,Funcionamiento Ordinario,"788268,99","50092,22","71154,41","82359,35",,,,,,,,,,,,,,,,,,,,,,,,,,,,,"991.874,97 €"
2009,Nafarroa Bai,Pública,Subvención,Funcionamiento Ordinario,"225571,67",,"71154,41",613344,"45368,44",,,,,,,,,,,,,,,,,,,,,,,,,,,,"955.438,52 €"
2009,Eusko Alkartasuna,Pública,Subvención,Funcionamiento Ordinario,,"277377,15",,"169193,99",493391,,,,,,,,,,,,,,,,,,,,,,,,,,,,"939.962,14 €"
2009,Aralar,Pública,Subvención,Funcionamiento Ordinario,,"370987,48",,"289522,59","235832,26",,,,,,,,,,,,,,,,,,,,,,,,,,,,"896.342,33 €"
2009,Esquerra Unida- BLOC -VERDS -Izquierda Republicana: COMPROMÍS Pel País Valencià,Pública,Subvención,Funcionamiento Ordinario,,"279445,36",,"382704,84",,,,,,,,,,,,,,,,,,,,,,,,,,,,,"662.150,20 €"
2009,Entesa Catalana de Progrès,Pública,Subvención,Funcionamiento Ordinario,,,"543486,96",,,,,,,,,,,,,,,,,,,,,,,,,,,,,,"543.486,96 €"
2009,Grupo Mixto,Pública,Subvención,Funcionamiento Ordinario,,,"517733,22",,,,,,,,,,,,,,,,,,,,,,,,,,,,,,"517.733,22 €"
2009,Unió Democrática de Catalunya,Pública,Subvención,Funcionamiento Ordinario,"414495,45",,,,"41423,18",,,,,,,,,,,,,,,,,,,,,,,,,,,,"455.918,63 €"
2009,Grupo Senadores Nacionalistas,Pública,Subvención,Funcionamiento Ordinario,,,"287105,67",,,,,,,,,,,,,,,,,,,,,,,,,,,,,,"287.105,67 €"
2012,Partido Popular,Pública,Subvención,Electoral,,,,,,,,,,,,,,,,,,,,"1386290,27","2952037,51",,"11771802,92","70104,18","4119464,98","550655,31","288740,57","534543,29",,,,,"21.673.639,03 €"
2012,Partido Socialista Obrero Español,Pública,Subvención,Electoral,,,,,,,,,,,,,,,,,,,,"1321207,44","2183830,64","90190,1","9184517,59","105149,38","4055908,68","417715,22","429699,51",,,,,,"17.788.218,56 €"
2012,Izquierda Unida,Pública,Subvención,Electoral,,,,,,,,,,,,,,,,,,,,"203398,96","260041,44",,"5452111,34","31063,04","1483153,79",,,,,,,,"7.429.768,57 €"
2012,Convergencia i Unió,Pública,Subvención,Electoral,,,,,,,,,,,,,,,,,,,,"486976,85",,"1516761,57","1999381,11",,,,,"982874,78",,,,,"4.985.994,31 €"
2012,Otras formaciones,Pública,Subvención,Electoral,,,,,,,,,,,,,,,,,,,"5454,74","147838,59",328682,"665235,66","2011279,65",,,,"28495,28","38632,02",,,,,"3.225.617,94 €"
2012,Partit dels Socialistes de Catalunya,Pública,Subvención,Electoral,,,,,,,,,,,,,,,,,,,,,,,914070,,,,,"617932,92",,,,,"1.532.002,92 €"
2012,Unión Progreso y Democracia,Pública,Subvención,Electoral,,,,,,,,,,,,,,,,,,,,"79529,84","350794,99",,"1082476,75",,,,,,,,,,"1.512.801,58 €"
2012,Partido Nacionalista Vasco,Pública,Subvención,Electoral,,,,,,,,,,,,,,,,,,,,,,,"703258,23",,,,"486905,48",,,,,,"1.190.163,71 €"
2012,Bloque Nacionalista Galego,Pública,Subvención,Electoral,,,,,,,,,,,,,,,,,,,,,,"385916,06",,,,"287186,33",,,,,,,"673.102,39 €"
2012,Amaiur,Pública,Subvención,Electoral,,,,,,,,,,,,,,,,,,,,,,,"499812,99",,,,,,,,,,"499.812,99 €"
2012,Esquerra Republicana de Catalunya,Pública,Subvención,Electoral,,,,,,,,,,,,,,,,,,,,,,,"40414,79",,,,,"441654,98",,,,,"482.069,77 €"
2012,Iniciativa per Catalunya-Verds,Pública,Subvención,Electoral,,,,,,,,,,,,,,,,,,,,,,,,,,,,"429534,66",,,,,"429.534,66 €"
2012,Coalición Canaria,Pública,Subvención,Electoral,,,,,,,,,,,,,,,,,,,,,"295007,69","21138,08","107740,88",,,,,,,,,,"423.886,65 €"
2012,Foro de Ciudadanos,Pública,Subvención,Electoral,,,,,,,,,,,,,,,,,,,,,,,"314324,95","109189,13",,,,,,,,,"423.514,08 €"
2012,Bloc-Iniciativa-Verds: Coalició Compromís,Pública,Subvención,Electoral,,,,,,,,,,,,,,,,,,,,,,"347396,34",,,,,,,,,,,"347.396,34 €"
2012,Euskal Herria Bildu,Pública,Subvención,Electoral,,,,,,,,,,,,,,,,,,,,,,,,,,,"210361,84",,,,,,"210.361,84 €"
2012,Unión del Pueblo Navarro,Pública,Subvención,Electoral,,,,,,,,,,,,,,,,,,,,,,,"144890,87",,,,,,,,,,"144.890,87 €"
2012,Ezker Bauta Berdeak,Pública,Subvención,Electoral,,,,,,,,,,,,,,,,,,,,,,"43747,71",,,,,"59005,4",,,,,,"102.753,11 €"
2012,Bloc-Iniciativa-Verds-Equo-Coalició Compromís,Pública,Subvención,Electoral,,,,,,,,,,,,,,,,,,,,,,,"83560,36",,,,,,,,,,"83.560,36 €"
2012,Bloc Nacionalista Valenciá,Pública,Subvención,Electoral,,,,,,,,,,,,,,,,,,,,,,"63530,23",,,,,,,,,,,"63.530,23 €"
2012,Geroa Bai,Pública,Subvención,Electoral,,,,,,,,,,,,,,,,,,,,,,,51154,,,,,,,,,,"51.154,00 €"
2012,Aralar,Pública,Subvención,Electoral,,,,,,,,,,,,,,,,,,,,,,"12595,4",,,,,"1344,37",,,,,,"13.939,77 €"
2011,Partido Popular,Pública,Subvención,Electoral,,,,,,,,,,,,,,,"1157540,2","15273373,82","4017039,26","6842720,33",,,,,,,,,,,,,,,"27.290.673,61 €"
2011,Partido Socialista Obrero Español,Pública,Subvención,Electoral,,,,,,,,,,,,,,,,"13924619,22","3610131,33","5785144,82",,,,,,,,,,,,,,,"23.319.895,37 €"
2011,Izquierda Unida,Pública,Subvención,Electoral,,,,,,,,,,,,,,,,"4316251,46","540556,82","2230293,88",,,,,,,,,,,,,,,"7.087.102,16 €"
2011,Partit dels Socialistes de Catalunya,Pública,Subvención,Electoral,,,,,,,,,,,,,,,"1243088,2","1695096,82",,"887545,54",,,,,,,,,,,,,,,"3.825.730,56 €"
2011,Convergencia i Unió,Pública,Subvención,Electoral,,,,,,,,,,,,,,,"2194360,94","681379,26",,"691330,73",,,,,,,,,,,,,,,"3.567.070,93 €"
2011,Otras formaciones,Pública,Subvención,Electoral,,,,,,,,,,,,,,,"214496,91","1987543,51","481108,74","743093,33",,,,,,,,,,,,,,,"3.426.242,49 €"
2011,Esquerra Republicana de Catalunya,Pública,Subvención,Electoral,,,,,,,,,,,,,,,"837963,86","1068316,08",,"401505,56",,,,,,,,,,,,,,,"2.307.785,50 €"
2011,Iniciativa per Catalunya-Verds,Pública,Subvención,Electoral,,,,,,,,,,,,,,,"859607,03","893979,12",,,,,,,,,,,,,,,,,"1.753.586,15 €"
2011,Partido Nacionalista Vasco,Pública,Subvención,Electoral,,,,,,,,,,,,,,,,"1324809,83",,"261870,53",,,,,,,,,,,,,,,"1.586.680,36 €"
2011,Coalición Canaria,Pública,Subvención,Electoral,,,,,,,,,,,,,,,,"298990,01","486554,73","24036,31",,,,,,,,,,,,,,,"809.581,05 €"
2011,Unión del Pueblo Navarro,Pública,Subvención,Electoral,,,,,,,,,,,,,,,,"105358,37","409851,56","96196,24",,,,,,,,,,,,,,,"611.406,17 €"
2011,Bloque Nacionalista Galego,Pública,Subvención,Electoral,,,,,,,,,,,,,,,,"245885,84",,"215493,13",,,,,,,,,,,,,,,"461.378,97 €"
2011,Unión Progreso y Democracia,Pública,Subvención,Electoral,,,,,,,,,,,,,,,,"361224,83",,,,,,,,,,,,,,,,,"361.224,83 €"
2011,Partido Aragonés,Pública,Subvención,Electoral,,,,,,,,,,,,,,,,"230764,16","95176,17",,,,,,,,,,,,,,,,"325.940,33 €"
2011,Chunta Aragonesista,Pública,Subvención,Electoral,,,,,,,,,,,,,,,,"197315,98",75185,,,,,,,,,,,,,,,,"272.500,98 €"
2011,Nafarroa Bai,Pública,Subvención,Electoral,,,,,,,,,,,,,,,,,"242603,22",,,,,,,,,,,,,,,,"242.603,22 €"
2011,Foro de Ciudadanos,Pública,Subvención,Electoral,,,,,,,,,,,,,,,,"211112,16",,,,,,,,,,,,,,,,,"211.112,16 €"
2011,Eusko Alkartasuna,Pública,Subvención,Electoral,,,,,,,,,,,,,,,,"117404,34",,,,,,,,,,,,,,,,,"117.404,34 €"
2011,Aralar,Pública,Subvención,Electoral,,,,,,,,,,,,,,,,"12098,84",,,,,,,,,,,,,,,,,"12.098,84 €"
2010,Partido Popular,Pública,Subvención,Electoral,,,,,,,,,,,,,"3080082,64","447007,38",,,,,,,,,,,,,,,,,,,"3.527.090,02 €"
2010,Partido Socialista Obrero Español,Pública,Subvención,Electoral,,,,,,,,,,,,,"1933313,35",,,,,,,,,,,,,,,,,,,,"1.933.313,35 €"
2010,Partit dels Socialistes de Catalunya,Pública,Subvención,Electoral,,,,,,,,,,,,,"542699,34","671308,6",,,,,,,,,,,,,,,,,,,"1.214.007,94 €"
2010,Convergencia i Unió,Pública,Subvención,Electoral,,,,,,,,,,,,,"230252,5","765198,41",,,,,,,,,,,,,,,,,,,"995.450,91 €"
2010,Esquerra Republicana de Catalunya,Pública,Subvención,Electoral,,,,,,,,,,,,,"125057,55","506830,5",,,,,,,,,,,,,,,,,,,"631.888,05 €"
2010,Entesa Catalana de Progrès,Pública,Subvención,Electoral,,,,,,,,,,,,,"576400,91",,,,,,,,,,,,,,,,,,,,"576.400,91 €"
2010,Izquierda Unida,Pública,Subvención,Electoral,,,,,,,,,,,,,"562863,71",,,,,,,,,,,,,,,,,,,,"562.863,71 €"
2010,Iniciativa per Catalunya-Verds,Pública,Subvención,Electoral,,,,,,,,,,,,,"47415,86","428996,94",,,,,,,,,,,,,,,,,,,"476.412,80 €"
2010,Partido Nacionalista Vasco,Pública,Subvención,Electoral,,,,,,,,,,,,,"87289,99",,,,,,,,,,,,,,,,,,,,"87.289,99 €"
2010,Bloque Nacionalista Galego,Pública,Subvención,Electoral,,,,,,,,,,,,,"68021,75",,,,,,,,,,,,,,,,,,,,"68.021,75 €"
2010,Unión del Pueblo Navarro,Pública,Subvención,Electoral,,,,,,,,,,,,,"60924,3",,,,,,,,,,,,,,,,,,,,"60.924,30 €"
2010,Otras formaciones,Pública,Subvención,Electoral,,,,,,,,,,,,"5335,59","9243,84",,"33078,44",,,,,,,,,,,,,,,,,,"47.657,87 €"
2010,Unión Progreso y Democracia,Pública,Subvención,Electoral,,,,,,,,,,,,,"23849,31",,,,,,,,,,,,,,,,,,,,"23.849,31 €"
2009,Partido Popular,Pública,Subvención,Electoral,,,,,,"148734,18","2291173,06","397664,01","1652185,53",944518,"11847753,45",,,,,,,,,,,,,,,,,,,,,,"17.282.028,23 €"
2009,Partido Socialista Obrero Español,Pública,Subvención,Electoral,,,,,,,"1486366,66","398973,69","1253365,25","1388264,24","11311226,92",,,,,,,,,,,,,,,,,,,,,,"15.838.196,76 €"
2009,Otras formaciones,Pública,Subvención,Electoral,,,,,,"22008,1","413443,35",,,,"3269323,28",,,,,,,,,,,,,,,,,,,,,,"3.704.774,73 €"
2009,Izquierda Unida- Iniciativa per Catalunya Verds - Esquerra Unidad i Alternativa - Blouqe por Asturies: La Izquierda,Pública,Subvención,Electoral,,,,,,,,,,,"1830590,63",,,,,,,,,,,,,,,,,,,,,,"1.830.590,63 €"
2009,Partido Nacionalista Vasco,Pública,Subvención,Electoral,,,,,,,"61236,63",,,"1561643,66",,,,,,,,,,,,,,,,,,,,,,,"1.622.880,29 €"
2009,Izquierda Unida,Pública,Subvención,Electoral,,,,,,,"414738,42","750676,63",,"194861,73",,,,,,,,,,,,,,,,,,,,,,,"1.360.276,78 €"
2009,Bloque Nacionalista Galego,Pública,Subvención,Electoral,,,,,,,"81961,95",,"957531,76",,,,,,,,,,,,,,,,,,,,,,,,"1.039.493,71 €"
2009,Unión Progreso y Democracia,Pública,Subvención,Electoral,,,,,,,,,,"100402,31","715768,49",,,,,,,,,,,,,,,,,,,,,,"816.170,80 €"
2009,Partit dels Socialistes de Catalunya,Pública,Subvención,Electoral,,,,,,"212507,46","389370,54",,,,,,,,,,,,,,,,,,,,,,,,,,"601.878,00 €"
2009,Aralar,Pública,Subvención,Electoral,,,,,,,"16239,28",,,"500619,54",,,,,,,,,,,,,,,,,,,,,,,"516.858,82 €"
2009,Convergencia i Unió,Pública,Subvención,Electoral,,,,,,"255066,14","218240,11",,,,,,,,,,,,,,,,,,,,,,,,,,"473.306,25 €"
2009,Esquerra Republicana de Catalunya,Pública,Subvención,Electoral,,,,,,"168943,5","127105,45",,,,,,,,,,,,,,,,,,,,,,,,,,"296.048,95 €"
2009,Eusko Alkartasuna,Pública,Subvención,Electoral,,,,,,,"46862,4",,,"200586,59",,,,,,,,,,,,,,,,,,,,,,,"247.448,99 €"
2009,Iniciativa per Catalunya-Verds,Pública,Subvención,Electoral,,,,,,"142998,98","26023,14",,,,,,,,,,,,,,,,,,,,,,,,,,"169.022,12 €"
2009,Coalición Canaria,Pública,Subvención,Electoral,,,,,,,"157800,55",,,,,,,,,,,,,,,,,,,,,,,,,,"157.800,55 €"
2009,Unión del Pueblo Navarro,Pública,Subvención,Electoral,,,,,,,"22210,07",,,,,,,,,,,,,,,,,,,,,,,,,,"22.210,07 €"
2009,Nafarroa Bai,Pública,Subvención,Electoral,,,,,,,"22038,95",,,,,,,,,,,,,,,,,,,,,,,,,,"22.038,95 €"
2009,Entesa Catalana de Progrès,Pública,Subvención,Electoral,,,,,,,"94,13",,,,,,,,,,,,,,,,,,,,,,,,,,"94,13 €"
2012,Partido Socialista Obrero Español,Privada,Particulares,Particulares,,,,,,,,,,,,,,,,,,,,,,,,,,,,,"13150515,17","2726204,47","7867363,76",,"23.744.083,40 €"
2012,Partido Popular,Privada,Particulares,Particulares,,,,,,,,,,,,,,,,,,,,,,,,,,,,,"12503603,93","733996,12","2386746,08",,"15.624.346,13 €"
2012,Convergencia Democrática de Catalunya,Privada,Particulares,Particulares,,,,,,,,,,,,,,,,,,,,,,,,,,,,,"2813687,41","21034,5","2243775,34",,"5.078.497,25 €"
2012,Convergencia i Unió,Privada,Particulares,Particulares,,,,,,,,,,,,,,,,,,,,,,,,,,,,,,,"4847785,49",,"4.847.785,49 €"
2012,Partido Nacionalista Vasco,Privada,Particulares,Particulares,,,,,,,,,,,,,,,,,,,,,,,,,,,,,"1780368,31","68560,22","2473201,82",,"4.322.130,35 €"
2012,Izquierda Unida,Privada,Particulares,Particulares,,,,,,,,,,,,,,,,,,,,,,,,,,,,,"2463421,1","14905,56","1081204,12",,"3.559.530,78 €"
2012,Partit dels Socialistes de Catalunya,Privada,Particulares,Particulares,,,,,,,,,,,,,,,,,,,,,,,,,,,,,"1036477,2","1189004,42","277454,35",,"2.502.935,97 €"
2012,Eusko Alkartasuna,Privada,Particulares,Particulares,,,,,,,,,,,,,,,,,,,,,,,,,,,,,"549119,22","2045,64","1428620,85",,"1.979.785,71 €"
2012,Bloque Nacionalista Galego,Privada,Particulares,Particulares,,,,,,,,,,,,,,,,,,,,,,,,,,,,,"757161,27","405762,04","540934,85",,"1.703.858,16 €"
2012,Unión Progreso y Democracia,Privada,Particulares,Particulares,,,,,,,,,,,,,,,,,,,,,,,,,,,,,"1066899,08","162434,14","101679,37",,"1.331.012,59 €"
2012,Unió Democrática de Catalunya,Privada,Particulares,Particulares,,,,,,,,,,,,,,,,,,,,,,,,,,,,,,906950,"309132,91",,"1.216.082,91 €"
2012,Esquerra Republicana de Catalunya,Privada,Particulares,Particulares,,,,,,,,,,,,,,,,,,,,,,,,,,,,,"829251,85","59577,2","198983,68",,"1.087.812,73 €"
2012,Iniciativa per Catalunya-Verds,Privada,Particulares,Particulares,,,,,,,,,,,,,,,,,,,,,,,,,,,,,"354135,02",,"392732,12",,"746.867,14 €"
2012,Coalición Canaria,Privada,Particulares,Particulares,,,,,,,,,,,,,,,,,,,,,,,,,,,,,"593732,26",60000,"53922,15",,"707.654,41 €"
2012,Partico Comunista de España,Privada,Particulares,Particulares,,,,,,,,,,,,,,,,,,,,,,,,,,,,,"157243,34",26410,"456243,95",,"639.897,29 €"
2012,Alternatiba Eraiktizen,Privada,Particulares,Particulares,,,,,,,,,,,,,,,,,,,,,,,,,,,,,"502469,19",,"4734,06",,"507.203,25 €"
2012,Chunta Aragonesista,Privada,Particulares,Particulares,,,,,,,,,,,,,,,,,,,,,,,,,,,,,"138958,63",,"147284,96",,"286.243,59 €"
2012,Partido Aragonés,Privada,Particulares,Particulares,,,,,,,,,,,,,,,,,,,,,,,,,,,,,"159054,53",6600,"20519,69",,"186.174,22 €"
2012,Ezker Batua Berdeak,Privada,Particulares,Particulares,,,,,,,,,,,,,,,,,,,,,,,,,,,,,"37053,04",,"147143,87",,"184.196,91 €"
2012,Foro de Ciudadanos,Privada,Particulares,Particulares,,,,,,,,,,,,,,,,,,,,,,,,,,,,,"125031,5",24252,14645,,"163.928,50 €"
2012,Bloc Nacionalista Venlenciá,Privada,Particulares,Particulares,,,,,,,,,,,,,,,,,,,,,,,,,,,,,"76040,34",,"67965,22",,"144.005,56 €"
2012,Esquerra Unida i Alternativa,Privada,Particulares,Particulares,,,,,,,,,,,,,,,,,,,,,,,,,,,,,"113423,15",,0,,"113.423,15 €"
2012,Unión del Pueblo Navarro,Privada,Particulares,Particulares,,,,,,,,,,,,,,,,,,,,,,,,,,,,,67451,,"26878,65",,"94.329,65 €"
2012,Nueva Canarias,Privada,Particulares,Particulares,,,,,,,,,,,,,,,,,,,,,,,,,,,,,"74495,19",,"201,44",,"74.696,63 €"
2012,Aralar,Privada,Particulares,Particulares,,,,,,,,,,,,,,,,,,,,,,,,,,,,,"74634,14",,0,,"74.634,14 €"
2012,Geroa Bai,Privada,Particulares,Particulares,,,,,,,,,,,,,,,,,,,,,,,,,,,,,,6600,"20,26",,"6.620,26 €"
2012,Amaiur,Privada,Particulares,Particulares,,,,,,,,,,,,,,,,,,,,,,,,,,,,,,,0,,"0,00 €"
2012,Bloc-Inicitaiva-Verds: Coalició Compromís,Privada,Particulares,Particulares,,,,,,,,,,,,,,,,,,,,,,,,,,,,,,,0,,"0,00 €"
2012,Bloc- Iniciativa-Verds-Equo: Coaliciò Compromís-Q,Privada,Particulares,Particulares,,,,,,,,,,,,,,,,,,,,,,,,,,,,,,,0,,"0,00 €"
2012,Euskal Herria Bildu,Privada,Particulares,Particulares,,,,,,,,,,,,,,,,,,,,,,,,,,,,,,,0,,"0,00 €"
2011,Partido Socialista Obrero Español,Privada,Particulares,Particulares,,,,,,,,,,,,,,,,,,,,,,,,,,,,,"18032378,04","2908251,86","1833015,08",,"22.773.644,98 €"
2011,Partido Popular,Privada,Particulares,Particulares,,,,,,,,,,,,,,,,,,,,,,,,,,,,,"12078165,31","2145070,55","1776137,39",,"15.999.373,25 €"
2011,Partido Nacionalista Vasco,Privada,Particulares,Particulares,,,,,,,,,,,,,,,,,,,,,,,,,,,,,"1965435,73","120702,88","5434684,08",,"7.520.822,69 €"
2011,Convergencia Democrática de Catalunya,Privada,Particulares,Particulares,,,,,,,,,,,,,,,,,,,,,,,,,,,,,"3115007,44",50484,"2881741,57",,"6.047.233,01 €"
2011,Izquierda Unida,Privada,Particulares,Particulares,,,,,,,,,,,,,,,,,,,,,,,,,,,,,1631873,"123704,68","1105285,19",,"2.860.862,87 €"
2011,Partit dels Socialistes de Catalunya,Privada,Particulares,Particulares,,,,,,,,,,,,,,,,,,,,,,,,,,,,,"1127244,95","1351846,46","286727,36",,"2.765.818,77 €"
2011,Esquerra Republicana de Catalunya,Privada,Particulares,Particulares,,,,,,,,,,,,,,,,,,,,,,,,,,,,,"895158,62","69676,83","1462554,74",,"2.427.390,19 €"
2011,Bloque Nacionalista Galego,Privada,Particulares,Particulares,,,,,,,,,,,,,,,,,,,,,,,,,,,,,"913139,3","497135,99","691559,06",,"2.101.834,35 €"
2011,Unió Democrática de Catalunya,Privada,Particulares,Particulares,,,,,,,,,,,,,,,,,,,,,,,,,,,,,310075,627450,"843977,27",,"1.781.502,27 €"
2011,Unión Progreso y Democracia,Privada,Particulares,Particulares,,,,,,,,,,,,,,,,,,,,,,,,,,,,,"1039982,98","132232,82","95858,0899999999",,"1.268.073,89 €"
2011,Iniciativa per Catalunya-Verds,Privada,Particulares,Particulares,,,,,,,,,,,,,,,,,,,,,,,,,,,,,"247155,33",,"1010279,7",,"1.257.435,03 €"
2011,Partido Comunista de España,Privada,Particulares,Particulares,,,,,,,,,,,,,,,,,,,,,,,,,,,,,"149374,94",18553,"395537,03",,"563.464,97 €"
2011,Foro de Ciudadanos ,Privada,Particulares,Particulares,,,,,,,,,,,,,,,,,,,,,,,,,,,,,"154168,05","311212,67","21209,2",,"486.589,92 €"
2011,Eusko Alkartasuna,Privada,Particulares,Particulares,,,,,,,,,,,,,,,,,,,,,,,,,,,,,"346622,59","2045,64","111479,61",,"460.147,84 €"
2011,Chunta Aragonesista ,Privada,Particulares,Particulares,,,,,,,,,,,,,,,,,,,,,,,,,,,,,"185077,64",,"202490,65",,"387.568,29 €"
2011,Bloc Nacionalista de Valencia ,Privada,Particulares,Particulares,,,,,,,,,,,,,,,,,,,,,,,,,,,,,"314342,94",,"49323,43",,"363.666,37 €"
2011,Esquerra Unida del País Valencià,Privada,Particulares,Particulares,,,,,,,,,,,,,,,,,,,,,,,,,,,,,"224762,71","6362,26","76772,82",,"307.897,79 €"
2011,Partido Aragonés,Privada,Particulares,Particulares,,,,,,,,,,,,,,,,,,,,,,,,,,,,,"107658,13",144580,"52116,68",,"304.354,81 €"
2011,Coalición Canaria,Privada,Particulares,Particulares,,,,,,,,,,,,,,,,,,,,,,,,,,,,,,250000,"100,18",,"250.100,18 €"
2011,Aralar,Privada,Particulares,Particulares,,,,,,,,,,,,,,,,,,,,,,,,,,,,,"235229,28",,"8079,42",,"243.308,70 €"
2011,Ezker Batua-Berdeak,Privada,Particulares,Particulares,,,,,,,,,,,,,,,,,,,,,,,,,,,,,"126787,09",4240,"111097,28",,"242.124,37 €"
2011,Unión del Pueblo Navarro,Privada,Particulares,Particulares,,,,,,,,,,,,,,,,,,,,,,,,,,,,,70053,,"31360,97",,"101.413,97 €"
2011,Esquerra Unida- BLOC -VERDS -Izquierda Republicana: COMPROMÍS Pel País Valencià,Privada,Particulares,Particulares,,,,,,,,,,,,,,,,,,,,,,,,,,,,,,,"21252,72",,"21.252,72 €"
2011,Convergencia i Unió,Privada,Particulares,Particulares,,,,,,,,,,,,,,,,,,,,,,,,,,,,,,,"3303,89",,"3.303,89 €"
2011,Nafarroa Bai,Privada,Particulares,Particulares,,,,,,,,,,,,,,,,,,,,,,,,,,,,,,,"1199,32",,"1.199,32 €"
2011,Amaiur,Privada,Particulares,Particulares,,,,,,,,,,,,,,,,,,,,,,,,,,,,,,,0,,"0,00 €"
2011,Bloc-Iniciativa-Verds-Equo-Coalició Compromís,Privada,Particulares,Particulares,,,,,,,,,,,,,,,,,,,,,,,,,,,,,,,0,,"0,00 €"
2011,Bloc-Iniciativa-Verds:Coalició Compromís,Privada,Particulares,Particulares,,,,,,,,,,,,,,,,,,,,,,,,,,,,,,,0,,"0,00 €"
2011,Geroa Bai,Privada,Particulares,Particulares,,,,,,,,,,,,,,,,,,,,,,,,,,,,,,,0,,"0,00 €"
2010,Partido Socialista Obrero Español,Privada,Particulares,Particulares,,,,,,,,,,,,,,,,,,,,,,,,,,,,,"16384495,37","3030914,83","3455152,82",,"22.870.563,02 €"
2010,Partido Popular,Privada,Particulares,Particulares,,,,,,,,,,,,,,,,,,,,,,,,,,,,,"11265509,89","537679,1","1350063,43",,"13.153.252,42 €"
2010,Partido Nacionalista Vasco,Privada,Particulares,Particulares,,,,,,,,,,,,,,,,,,,,,,,,,,,,,"2236866,17","37245,62","5497493,15",,"7.771.604,94 €"
2010,Convergencia Democrática de Catalunya,Privada,Particulares,Particulares,,,,,,,,,,,,,,,,,,,,,,,,,,,,,"2903044,64","142254,99","3957257,81",,"7.002.557,44 €"
2010,Partit dels Socialistes de Catalunya,Privada,Particulares,Particulares,,,,,,,,,,,,,,,,,,,,,,,,,,,,,"1167830,39","1722971,67",305192,,"3.195.994,06 €"
2010,Izquierda Unida,Privada,Particulares,Particulares,,,,,,,,,,,,,,,,,,,,,,,,,,,,,"2183801,53","162712,99","579487,59",,"2.926.002,11 €"
2010,Bloque Nacionalista Galego,Privada,Particulares,Particulares,,,,,,,,,,,,,,,,,,,,,,,,,,,,,"714582,38","606551,42","690344,05",,"2.011.477,85 €"
2010,Unió Democrática de Catalunya,Privada,Particulares,Particulares,,,,,,,,,,,,,,,,,,,,,,,,,,,,,85650,709000,"415670,69",,"1.210.320,69 €"
2010,Unión Progreso y Democracia,Privada,Particulares,Particulares,,,,,,,,,,,,,,,,,,,,,,,,,,,,,"1004875,5",42150,"111400,08",,"1.158.425,58 €"
2010,Esquerra Republicana de Catalunya,Privada,Particulares,Particulares,,,,,,,,,,,,,,,,,,,,,,,,,,,,,"994904,56",2412,"106429,72",,"1.103.746,28 €"
2010,Iniciativa per Catalunya-Verds,Privada,Particulares,Particulares,,,,,,,,,,,,,,,,,,,,,,,,,,,,,"298114,88",,"656993,05",,"955.107,93 €"
2010,Ezker Batua-Berdeak,Privada,Particulares,Particulares,,,,,,,,,,,,,,,,,,,,,,,,,,,,,"391948,15",2880,"171400,3",,"566.228,45 €"
2010,Partido Comunista de España,Privada,Particulares,Particulares,,,,,,,,,,,,,,,,,,,,,,,,,,,,,"154724,88",23591,"310425,24",,"488.741,12 €"
2010,Eusko Alkartasuna,Privada,Particulares,Particulares,,,,,,,,,,,,,,,,,,,,,,,,,,,,,"227667,85","2045,64","140115,66",,"369.829,15 €"
2010,Coalición Canaria,Privada,Particulares,Particulares,,,,,,,,,,,,,,,,,,,,,,,,,,,,,"269164,24",,"1917,08",,"271.081,32 €"
2010,Aralar,Privada,Particulares,Particulares,,,,,,,,,,,,,,,,,,,,,,,,,,,,,"243905,87",,"1086,4",,"244.992,27 €"
2010,Esquerra Unida del País Valencià,Privada,Particulares,Particulares,,,,,,,,,,,,,,,,,,,,,,,,,,,,,"180149,77",,"37111,32",,"217.261,09 €"
2010,Unión del Pueblo Navarro,Privada,Particulares,Particulares,,,,,,,,,,,,,,,,,,,,,,,,,,,,,72721,,"53522,78",,"126.243,78 €"
2010,Esquerra Unida- BLOC -VERDS -Izquierda Republicana: COMPROMÍS Pel País Valencià,Privada,Particulares,Particulares,,,,,,,,,,,,,,,,,,,,,,,,,,,,,,,"40259,59",,"40.259,59 €"
2010,Convergencia i Unió,Privada,Particulares,Particulares,,,,,,,,,,,,,,,,,,,,,,,,,,,,,,270,"13463,71",,"13.733,71 €"
2010,Nafarroa Bai,Privada,Particulares,Particulares,,,,,,,,,,,,,,,,,,,,,,,,,,,,,,,"1973,9",,"1.973,90 €"
2009,Partido Socialista Obrero Español,Privada,Particulares,Particulares,,,,,,,,,,,,,,,,,,,,,,,,,,,,,"17900436,31","2560532,94","7000179,15",,"27.461.148,40 €"
2009,Partido Popular,Privada,Particulares,Particulares,,,,,,,,,,,,,,,,,,,,,,,,,,,,,"10732993,79","679820,18","1419412,06",,"12.832.226,03 €"
2009,Convergencia Democrática de Catalunya,Privada,Particulares,Particulares,,,,,,,,,,,,,,,,,,,,,,,,,,,,,"2535913,87",387500,"2873853,7",,"5.797.267,57 €"
2009,Partido Nacionalista Vasco,Privada,Particulares,Particulares,,,,,,,,,,,,,,,,,,,,,,,,,,,,,"1970215,87",20000,"2654287,32",,"4.644.503,19 €"
2009,Partit dels Socialistes de Catalunya,Privada,Particulares,Particulares,,,,,,,,,,,,,,,,,,,,,,,,,,,,,"1223399,84","1727923,26","362010,03",,"3.313.333,13 €"
2009,Izquierda Unida,Privada,Particulares,Particulares,,,,,,,,,,,,,,,,,,,,,,,,,,,,,"2238691,92","170789,54","862651,38",,"3.272.132,84 €"
2009,Bloque Nacionalista Galego,Privada,Particulares,Particulares,,,,,,,,,,,,,,,,,,,,,,,,,,,,,"685591,44","305230,45","942409,25",,"1.933.231,14 €"
2009,Esquerra Republicana de Catalunya,Privada,Particulares,Particulares,,,,,,,,,,,,,,,,,,,,,,,,,,,,,"1135665,14",308,"118243,07",,"1.254.216,21 €"
2009,Unión Progreso y Democracia,Privada,Particulares,Particulares,,,,,,,,,,,,,,,,,,,,,,,,,,,,,"834347,01",36456,"144356,28",,"1.015.159,29 €"
2009,Iniciativa per Catalunya-Verds,Privada,Particulares,Particulares,,,,,,,,,,,,,,,,,,,,,,,,,,,,,251637,,"632542,48",,"884.179,48 €"
2009,Eusko Alkartasuna,Privada,Particulares,Particulares,,,,,,,,,,,,,,,,,,,,,,,,,,,,,"504188,4",,"182712,73",,"686.901,13 €"
2009,Ezker Batua-Berdeak,Privada,Particulares,Particulares,,,,,,,,,,,,,,,,,,,,,,,,,,,,,"546006,37",,"100628,32",,"646.634,69 €"
2009,Unió Democrática de Catalunya,Privada,Particulares,Particulares,,,,,,,,,,,,,,,,,,,,,,,,,,,,,89750,236500,"194401,63",,"520.651,63 €"
2009,Partido Comunista de España,Privada,Particulares,Particulares,,,,,,,,,,,,,,,,,,,,,,,,,,,,,"88488,12","18698,63","354595,22",,"461.781,97 €"
2009,Aralar,Privada,Particulares,Particulares,,,,,,,,,,,,,,,,,,,,,,,,,,,,,"357526,34",3000,"5120,04",,"365.646,38 €"
2009,Coalición Canaria,Privada,Particulares,Particulares,,,,,,,,,,,,,,,,,,,,,,,,,,,,,"281684,25",60000,"1253,93",,"342.938,18 €"
2009,Esquerra Unida del País Valencià,Privada,Particulares,Particulares,,,,,,,,,,,,,,,,,,,,,,,,,,,,,"182754,56","4507,5","44645,43",,"231.907,49 €"
2009,Unión del Pueblo Navarro,Privada,Particulares,Particulares,,,,,,,,,,,,,,,,,,,,,,,,,,,,,79678,,"62090,04",,"141.768,04 €"
2009,Convergencia i Unió,Privada,Particulares,Particulares,,,,,,,,,,,,,,,,,,,,,,,,,,,,,,3400,"55999,79",,"59.399,79 €"
2009,Esquerra Unida- BLOC -VERDS -Izquierda Republicana: COMPROMÍS Pel País Valencià,Privada,Particulares,Particulares,,,,,,,,,,,,,,,,,,,,,,,,,,,,,,,"38215,75",,"38.215,75 €"
2009,Nafarroa Bai,Privada,Particulares,Particulares,,,,,,,,,,,,,,,,,,,,,,,,,,,,,,400,"3909,67",,"4.309,67 €"
2012,Partido Socialista Obrero Español,Privada,Crédito,Deuda contraída con entidades de crédito,,,,,,,,,,,,,,,,,,,,,,,,,,,,,,,,"71625187,24","71.625.187,24 €"
2012,Partido Popular,Privada,Crédito,Deuda contraída con entidades de crédito,,,,,,,,,,,,,,,,,,,,,,,,,,,,,,,,"54302679,56","54.302.679,56 €"
2012,Partido Nacionalista Vasco,Privada,Crédito,Deuda contraída con entidades de crédito,,,,,,,,,,,,,,,,,,,,,,,,,,,,,,,,"28058629,79","28.058.629,79 €"
2012,Unió Democrática de Catalunya,Privada,Crédito,Deuda contraída con entidades de crédito,,,,,,,,,,,,,,,,,,,,,,,,,,,,,,,,"16720385,68","16.720.385,68 €"
2012,Izquierda Unida,Privada,Crédito,Deuda contraída con entidades de crédito,,,,,,,,,,,,,,,,,,,,,,,,,,,,,,,,"15167281,19","15.167.281,19 €"
2012,Iniciativa per Catalunya-Verds,Privada,Crédito,Deuda contraída con entidades de crédito,,,,,,,,,,,,,,,,,,,,,,,,,,,,,,,,"14256288,34","14.256.288,34 €"
2012,Partit dels Socialistes de Catalunya,Privada,Crédito,Deuda contraída con entidades de crédito,,,,,,,,,,,,,,,,,,,,,,,,,,,,,,,,"10885563,13","10.885.563,13 €"
2012,Convergencia i Unió,Privada,Crédito,Deuda contraída con entidades de crédito,,,,,,,,,,,,,,,,,,,,,,,,,,,,,,,,"9980721,05","9.980.721,05 €"
2012,Bloque Nacionalista Galego,Privada,Crédito,Deuda contraída con entidades de crédito,,,,,,,,,,,,,,,,,,,,,,,,,,,,,,,,"4299894,11","4.299.894,11 €"
2012,Convergencia Democrática de Catalunya,Privada,Crédito,Deuda contraída con entidades de crédito,,,,,,,,,,,,,,,,,,,,,,,,,,,,,,,,"3559126,4","3.559.126,40 €"
2012,Eusko Alkartasuna,Privada,Crédito,Deuda contraída con entidades de crédito,,,,,,,,,,,,,,,,,,,,,,,,,,,,,,,,"2224734,74","2.224.734,74 €"
2012,Esquerra Republicana de Catalunya,Privada,Crédito,Deuda contraída con entidades de crédito,,,,,,,,,,,,,,,,,,,,,,,,,,,,,,,,"1952360,29","1.952.360,29 €"
2012,Ezker Batua Berdeak,Privada,Crédito,Deuda contraída con entidades de crédito,,,,,,,,,,,,,,,,,,,,,,,,,,,,,,,,"972651,81","972.651,81 €"
2012,Coalición Canaria,Privada,Crédito,Deuda contraída con entidades de crédito,,,,,,,,,,,,,,,,,,,,,,,,,,,,,,,,"671223,78","671.223,78 €"
2012,Chunta Aragonesista,Privada,Crédito,Deuda contraída con entidades de crédito,,,,,,,,,,,,,,,,,,,,,,,,,,,,,,,,"657335,03","657.335,03 €"
2012,Bloc Nacionalista Venlenciá,Privada,Crédito,Deuda contraída con entidades de crédito,,,,,,,,,,,,,,,,,,,,,,,,,,,,,,,,"416559,19","416.559,19 €"
2012,Partico Comunista de España,Privada,Crédito,Deuda contraída con entidades de crédito,,,,,,,,,,,,,,,,,,,,,,,,,,,,,,,,"401042,27","401.042,27 €"
2012,Unión Progreso y Democracia,Privada,Crédito,Deuda contraída con entidades de crédito,,,,,,,,,,,,,,,,,,,,,,,,,,,,,,,,"365935,49","365.935,49 €"
2012,Foro de Ciudadanos,Privada,Crédito,Deuda contraída con entidades de crédito,,,,,,,,,,,,,,,,,,,,,,,,,,,,,,,,"327014,34","327.014,34 €"
2012,Unión del Pueblo Navarro,Privada,Crédito,Deuda contraída con entidades de crédito,,,,,,,,,,,,,,,,,,,,,,,,,,,,,,,,"269616,89","269.616,89 €"
2012,Partido Aragonés,Privada,Crédito,Deuda contraída con entidades de crédito,,,,,,,,,,,,,,,,,,,,,,,,,,,,,,,,200000,"200.000,00 €"
2012,Esquerra Unida i Alternativa,Privada,Crédito,Deuda contraída con entidades de crédito,,,,,,,,,,,,,,,,,,,,,,,,,,,,,,,,"165039,6","165.039,60 €"
2012,Nueva Canarias,Privada,Crédito,Deuda contraída con entidades de crédito,,,,,,,,,,,,,,,,,,,,,,,,,,,,,,,,"104354,5","104.354,50 €"
2012,Amaiur,Privada,Crédito,Deuda contraída con entidades de crédito,,,,,,,,,,,,,,,,,,,,,,,,,,,,,,,,"17324,83","17.324,83 €"
2012,Alternatiba Eraiktizen,Privada,Crédito,Deuda contraída con entidades de crédito,,,,,,,,,,,,,,,,,,,,,,,,,,,,,,,,,"0,00 €"
2012,Aralar,Privada,Crédito,Deuda contraída con entidades de crédito,,,,,,,,,,,,,,,,,,,,,,,,,,,,,,,,,"0,00 €"
2012,Bloc-Inicitaiva-Verds: Coalició Compromís,Privada,Crédito,Deuda contraída con entidades de crédito,,,,,,,,,,,,,,,,,,,,,,,,,,,,,,,,,"0,00 €"
2012,Bloc- Iniciativa-Verds-Equo: Coaliciò Compromís-Q,Privada,Crédito,Deuda contraída con entidades de crédito,,,,,,,,,,,,,,,,,,,,,,,,,,,,,,,,,"0,00 €"
2012,Euskal Herria Bildu,Privada,Crédito,Deuda contraída con entidades de crédito,,,,,,,,,,,,,,,,,,,,,,,,,,,,,,,,,"0,00 €"
2012,Geroa Bai,Privada,Crédito,Deuda contraída con entidades de crédito,,,,,,,,,,,,,,,,,,,,,,,,,,,,,,,,,"0,00 €"
2011,Partido Popular,Privada,Crédito,Deuda contraída con entidades de crédito,,,,,,,,,,,,,,,,,,,,,,,,,,,,,,,,"77991929,89","77.991.929,89 €"
2011,Partido Socialista Obrero Español,Privada,Crédito,Deuda contraída con entidades de crédito,,,,,,,,,,,,,,,,,,,,,,,,,,,,,,,,"70101938,65","70.101.938,65 €"
2011,Partido Nacionalista Vasco,Privada,Crédito,Deuda contraída con entidades de crédito,,,,,,,,,,,,,,,,,,,,,,,,,,,,,,,,"27703592,87","27.703.592,87 €"
2011,Izquierda Unida,Privada,Crédito,Deuda contraída con entidades de crédito,,,,,,,,,,,,,,,,,,,,,,,,,,,,,,,,"17420721,95","17.420.721,95 €"
2011,Unió Democrática de Catalunya,Privada,Crédito,Deuda contraída con entidades de crédito,,,,,,,,,,,,,,,,,,,,,,,,,,,,,,,,"16276780,13","16.276.780,13 €"
2011,Iniciativa per Catalunya-Verds,Privada,Crédito,Deuda contraída con entidades de crédito,,,,,,,,,,,,,,,,,,,,,,,,,,,,,,,,"16136909,31","16.136.909,31 €"
2011,Partit dels Socialistes de Catalunya,Privada,Crédito,Deuda contraída con entidades de crédito,,,,,,,,,,,,,,,,,,,,,,,,,,,,,,,,"12967864,53","12.967.864,53 €"
2011,Convergencia i Unió,Privada,Crédito,Deuda contraída con entidades de crédito,,,,,,,,,,,,,,,,,,,,,,,,,,,,,,,,"12609005,27","12.609.005,27 €"
2011,Bloque Nacionalista Galego,Privada,Crédito,Deuda contraída con entidades de crédito,,,,,,,,,,,,,,,,,,,,,,,,,,,,,,,,"4709902,48","4.709.902,48 €"
2011,Convergencia Democrática de Catalunya,Privada,Crédito,Deuda contraída con entidades de crédito,,,,,,,,,,,,,,,,,,,,,,,,,,,,,,,,"3607971,83","3.607.971,83 €"
2011,Unión Progreso y Democracia,Privada,Crédito,Deuda contraída con entidades de crédito,,,,,,,,,,,,,,,,,,,,,,,,,,,,,,,,"2947216,45","2.947.216,45 €"
2011,Esquerra Republicana de Catalunya,Privada,Crédito,Deuda contraída con entidades de crédito,,,,,,,,,,,,,,,,,,,,,,,,,,,,,,,,"2482161,77","2.482.161,77 €"
2011,Eusko Alkartasuna,Privada,Crédito,Deuda contraída con entidades de crédito,,,,,,,,,,,,,,,,,,,,,,,,,,,,,,,,"2396647,55","2.396.647,55 €"
2011,Ezker Batua-Berdeak,Privada,Crédito,Deuda contraída con entidades de crédito,,,,,,,,,,,,,,,,,,,,,,,,,,,,,,,,"1066123,32","1.066.123,32 €"
2011,Foro de Ciudadanos ,Privada,Crédito,Deuda contraída con entidades de crédito,,,,,,,,,,,,,,,,,,,,,,,,,,,,,,,,"1063403,57","1.063.403,57 €"
2011,Coalición Canaria,Privada,Crédito,Deuda contraída con entidades de crédito,,,,,,,,,,,,,,,,,,,,,,,,,,,,,,,,"1027719,21","1.027.719,21 €"
2011,Chunta Aragonesista ,Privada,Crédito,Deuda contraída con entidades de crédito,,,,,,,,,,,,,,,,,,,,,,,,,,,,,,,,"999762,69","999.762,69 €"
2011,Partido Aragonés,Privada,Crédito,Deuda contraída con entidades de crédito,,,,,,,,,,,,,,,,,,,,,,,,,,,,,,,,"887606,42","887.606,42 €"
2011,Bloc Nacionalista de Valencia ,Privada,Crédito,Deuda contraída con entidades de crédito,,,,,,,,,,,,,,,,,,,,,,,,,,,,,,,,"863359,31","863.359,31 €"
2011,Esquerra Unida del País Valencià,Privada,Crédito,Deuda contraída con entidades de crédito,,,,,,,,,,,,,,,,,,,,,,,,,,,,,,,,"769853,53","769.853,53 €"
2011,Partido Comunista de España,Privada,Crédito,Deuda contraída con entidades de crédito,,,,,,,,,,,,,,,,,,,,,,,,,,,,,,,,"406228,16","406.228,16 €"
2011,Amaiur,Privada,Crédito,Deuda contraída con entidades de crédito,,,,,,,,,,,,,,,,,,,,,,,,,,,,,,,,"318024,33","318.024,33 €"
2011,Unión del Pueblo Navarro,Privada,Crédito,Deuda contraída con entidades de crédito,,,,,,,,,,,,,,,,,,,,,,,,,,,,,,,,"281866,55","281.866,55 €"
2011,Aralar,Privada,Crédito,Deuda contraída con entidades de crédito,,,,,,,,,,,,,,,,,,,,,,,,,,,,,,,,"35858,23","35.858,23 €"
2011,Pel País Valencià,Privada,Crédito,Deuda contraída con entidades de crédito,,,,,,,,,,,,,,,,,,,,,,,,,,,,,,,,,"0,00 €"
2011,Nafarroa Bai,Privada,Crédito,Deuda contraída con entidades de crédito,,,,,,,,,,,,,,,,,,,,,,,,,,,,,,,,,"0,00 €"
2011,Bloc-Iniciativa-Verds:Coalició Compromís,Privada,Crédito,Deuda contraída con entidades de crédito,,,,,,,,,,,,,,,,,,,,,,,,,,,,,,,,,"0,00 €"
2011,Bloc-Iniciativa-Verds-Equo-Coalició Compromís,Privada,Crédito,Deuda contraída con entidades de crédito,,,,,,,,,,,,,,,,,,,,,,,,,,,,,,,,,"0,00 €"
2011,Geroa Bai,Privada,Crédito,Deuda contraída con entidades de crédito,,,,,,,,,,,,,,,,,,,,,,,,,,,,,,,,,"0,00 €"
2010,Partido Socialista Obrero Español,Privada,Crédito,Deuda contraída con entidades de crédito,,,,,,,,,,,,,,,,,,,,,,,,,,,,,,,,"56853117,14","56.853.117,14 €"
2010,Partido Popular,Privada,Crédito,Deuda contraída con entidades de crédito,,,,,,,,,,,,,,,,,,,,,,,,,,,,,,,,"54259417,05","54.259.417,05 €"
2010,Partido Nacionalista Vasco,Privada,Crédito,Deuda contraída con entidades de crédito,,,,,,,,,,,,,,,,,,,,,,,,,,,,,,,,"28588068,21","28.588.068,21 €"
2010,Izquierda Unida,Privada,Crédito,Deuda contraída con entidades de crédito,,,,,,,,,,,,,,,,,,,,,,,,,,,,,,,,"14276381,19","14.276.381,19 €"
2010,Iniciativa per Catalunya-Verds,Privada,Crédito,Deuda contraída con entidades de crédito,,,,,,,,,,,,,,,,,,,,,,,,,,,,,,,,"14171343,5","14.171.343,50 €"
2010,Unió Democrática de Catalunya,Privada,Crédito,Deuda contraída con entidades de crédito,,,,,,,,,,,,,,,,,,,,,,,,,,,,,,,,"14110547,27","14.110.547,27 €"
2010,Convergencia i Unió,Privada,Crédito,Deuda contraída con entidades de crédito,,,,,,,,,,,,,,,,,,,,,,,,,,,,,,,,"12310369,93","12.310.369,93 €"
2010,Partit dels Socialistes de Catalunya,Privada,Crédito,Deuda contraída con entidades de crédito,,,,,,,,,,,,,,,,,,,,,,,,,,,,,,,,"11389467,24","11.389.467,24 €"
2010,Bloque Nacionalista Galego,Privada,Crédito,Deuda contraída con entidades de crédito,,,,,,,,,,,,,,,,,,,,,,,,,,,,,,,,"3724493,88","3.724.493,88 €"
2010,Eusko Alkartasuna,Privada,Crédito,Deuda contraída con entidades de crédito,,,,,,,,,,,,,,,,,,,,,,,,,,,,,,,,"2572271,1","2.572.271,10 €"
2010,Convergencia Democrática de Catalunya,Privada,Crédito,Deuda contraída con entidades de crédito,,,,,,,,,,,,,,,,,,,,,,,,,,,,,,,,"2027607,27","2.027.607,27 €"
2010,Ezker Batua-Berdeak,Privada,Crédito,Deuda contraída con entidades de crédito,,,,,,,,,,,,,,,,,,,,,,,,,,,,,,,,"1164755,64","1.164.755,64 €"
2010,Esquerra Unida del País Valencià,Privada,Crédito,Deuda contraída con entidades de crédito,,,,,,,,,,,,,,,,,,,,,,,,,,,,,,,,"774557,81","774.557,81 €"
2010,Esquerra Republicana de Catalunya,Privada,Crédito,Deuda contraída con entidades de crédito,,,,,,,,,,,,,,,,,,,,,,,,,,,,,,,,"615623,08","615.623,08 €"
2010,Partido Comunista de España,Privada,Crédito,Deuda contraída con entidades de crédito,,,,,,,,,,,,,,,,,,,,,,,,,,,,,,,,"489897,84","489.897,84 €"
2010,Unión Progreso y Democracia,Privada,Crédito,Deuda contraída con entidades de crédito,,,,,,,,,,,,,,,,,,,,,,,,,,,,,,,,"303236,82","303.236,82 €"
2010,Unión del Pueblo Navarro,Privada,Crédito,Deuda contraída con entidades de crédito,,,,,,,,,,,,,,,,,,,,,,,,,,,,,,,,"293836,64","293.836,64 €"
2010,Coalición Canaria,Privada,Crédito,Deuda contraída con entidades de crédito,,,,,,,,,,,,,,,,,,,,,,,,,,,,,,,,"194981,08","194.981,08 €"
2010,Aralar,Privada,Crédito,Deuda contraída con entidades de crédito,,,,,,,,,,,,,,,,,,,,,,,,,,,,,,,,"120176,96","120.176,96 €"
2010,Pel País Valencià,Privada,Crédito,Deuda contraída con entidades de crédito,,,,,,,,,,,,,,,,,,,,,,,,,,,,,,,,"39820,31","39.820,31 €"
2010,Nafarroa Bai,Privada,Crédito,Deuda contraída con entidades de crédito,,,,,,,,,,,,,,,,,,,,,,,,,,,,,,,,,"0,00 €"
2009,Partido Socialista Obrero Español,Privada,Crédito,Deuda contraída con entidades de crédito,,,,,,,,,,,,,,,,,,,,,,,,,,,,,,,,"71516757,75","71.516.757,75 €"
2009,Partido Popular,Privada,Crédito,Deuda contraída con entidades de crédito,,,,,,,,,,,,,,,,,,,,,,,,,,,,,,,,"63662694,39","63.662.694,39 €"
2009,Partido Nacionalista Vasco,Privada,Crédito,Deuda contraída con entidades de crédito,,,,,,,,,,,,,,,,,,,,,,,,,,,,,,,,"25953311,29","25.953.311,29 €"
2009,Izquierda Unida,Privada,Crédito,Deuda contraída con entidades de crédito,,,,,,,,,,,,,,,,,,,,,,,,,,,,,,,,"15076134,82","15.076.134,82 €"
2009,Unió Democrática de Catalunya,Privada,Crédito,Deuda contraída con entidades de crédito,,,,,,,,,,,,,,,,,,,,,,,,,,,,,,,,"13602518,27","13.602.518,27 €"
2009,Convergencia i Unió,Privada,Crédito,Deuda contraída con entidades de crédito,,,,,,,,,,,,,,,,,,,,,,,,,,,,,,,,"12467433,84","12.467.433,84 €"
2009,Iniciativa per Catalunya-Verds,Privada,Crédito,Deuda contraída con entidades de crédito,,,,,,,,,,,,,,,,,,,,,,,,,,,,,,,,"11268423,72","11.268.423,72 €"
2009,Partit dels Socialistes de Catalunya,Privada,Crédito,Deuda contraída con entidades de crédito,,,,,,,,,,,,,,,,,,,,,,,,,,,,,,,,"9603088,94","9.603.088,94 €"
2009,Bloque Nacionalista Galego,Privada,Crédito,Deuda contraída con entidades de crédito,,,,,,,,,,,,,,,,,,,,,,,,,,,,,,,,"4329687,38","4.329.687,38 €"
2009,Eusko Alkartasuna,Privada,Crédito,Deuda contraída con entidades de crédito,,,,,,,,,,,,,,,,,,,,,,,,,,,,,,,,"2745500,46","2.745.500,46 €"
2009,Convergencia Democrática de Catalunya,Privada,Crédito,Deuda contraída con entidades de crédito,,,,,,,,,,,,,,,,,,,,,,,,,,,,,,,,"2551323,36","2.551.323,36 €"
2009,Ezker Batua-Berdeak,Privada,Crédito,Deuda contraída con entidades de crédito,,,,,,,,,,,,,,,,,,,,,,,,,,,,,,,,"1270192,6","1.270.192,60 €"
2009,Esquerra Republicana de Catalunya,Privada,Crédito,Deuda contraída con entidades de crédito,,,,,,,,,,,,,,,,,,,,,,,,,,,,,,,,"1070066,6","1.070.066,60 €"
2009,Coalición Canaria,Privada,Crédito,Deuda contraída con entidades de crédito,,,,,,,,,,,,,,,,,,,,,,,,,,,,,,,,"531044,17","531.044,17 €"
2009,Esquerra Unida del País Valencià,Privada,Crédito,Deuda contraída con entidades de crédito,,,,,,,,,,,,,,,,,,,,,,,,,,,,,,,,"380936,74","380.936,74 €"
2009,Partido Comunista de España,Privada,Crédito,Deuda contraída con entidades de crédito,,,,,,,,,,,,,,,,,,,,,,,,,,,,,,,,"370881,74","370.881,74 €"
2009,Aralar,Privada,Crédito,Deuda contraída con entidades de crédito,,,,,,,,,,,,,,,,,,,,,,,,,,,,,,,,"212535,44","212.535,44 €"
2009,Unión Progreso y Democracia,Privada,Crédito,Deuda contraída con entidades de crédito,,,,,,,,,,,,,,,,,,,,,,,,,,,,,,,,"119733,61","119.733,61 €"
2009,Pel País Valencià,Privada,Crédito,Deuda contraída con entidades de crédito,,,,,,,,,,,,,,,,,,,,,,,,,,,,,,,,"59174,53","59.174,53 €"
2009,Unión del Pueblo Navarro,Privada,Crédito,Deuda contraída con entidades de crédito,,,,,,,,,,,,,,,,,,,,,,,,,,,,,,,,0,"0,00 €"
2009,Nafarroa Bai,Privada,Crédito,Deuda contraída con entidades de crédito,,,,,,,,,,,,,,,,,,,,,,,,,,,,,,,,,"0,00 €"
,Total,,,,,"36.547.381,27 €","65.615.282,29 €","270.030.202,90 €","227.378.884,94 €","950.258,36 €","5.774.904,69 €","1.547.314,33 €","3.863.082,54 €","4.890.896,07 €","28.974.662,77 €","5.335,59 €","7.347.415,05 €","2.819.341,83 €","6.540.135,58 €","42.945.523,65 €","9.958.206,83 €","18.179.230,40 €","5.454,74 €","3.625.241,95 €","6.370.394,27 €","3.146.511,15 €","34.360.796,43 €","315.505,73 €","9.658.527,45 €","1.255.556,86 €","1.504.552,45 €","3.045.172,65 €","165.112.843,24 €","28.415.631,71 €","79.546.594,36 €","967.744.806,86 €",
