Año,Formación Política,Origen,Fuente,Tipo,Concepto,Cuantia
2011,Unión Progreso y Democracia,Pública,Subvención,Funcionamiento Ordinario,Subvención Estatal,"1070570,89"
2011,Unión Progreso y Democracia,Pública,Subvención,Funcionamiento Ordinario,Gobiernos Autonómicos,"53415,41"
2011,Unión Progreso y Democracia,Pública,Subvención,Funcionamiento Ordinario,Cortes Generales,"85655,39"
2011,Unión Progreso y Democracia,Pública,Subvención,Funcionamiento Ordinario,Asambleas Legislativas Autonómicas y Ciudades Autónomas,"476114,45"
2011,Unión Progreso y Democracia,Pública,Subvención,Funcionamiento Ordinario,Entidades Locales,"192107,68"
2011,Unión Progreso y Democracia,Pública,Subvención,Electoral,Elecciones Locales 22/05/2011,"361224,83"
2011,Unión Progreso y Democracia,Privada,Particulares,Particulares,"Cuotas y aportaciones de afiliados, adheridos y simpatizantes","1039982,98"
2011,Unión Progreso y Democracia,Privada,Particulares,Particulares,Donaciones,"132232,82"
2011,Unión Progreso y Democracia,Privada,Particulares,Particulares,Otros Ingresos Financiación Privada,"95858,09"
2011,Unión Progreso y Democracia,Privada,Crédito,Deuda contraída con entidades de crédito,Deuda con entidades de crédito,"2947216,45"
2011,Unión del Pueblo Navarro,Pública,Subvención,Funcionamiento Ordinario,Subvención Estatal,"476241,2"
2011,Unión del Pueblo Navarro,Pública,Subvención,Funcionamiento Ordinario,Cortes Generales,"94459,01"
2011,Unión del Pueblo Navarro,Pública,Subvención,Funcionamiento Ordinario,Asambleas Legislativas Autonómicas y Ciudades Autónomas,"976701,05"
2011,Unión del Pueblo Navarro,Pública,Subvención,Funcionamiento Ordinario,Entidades Locales,"67108,48"
2011,Unión del Pueblo Navarro,Pública,Subvención,Electoral,Elecciones Locales 22/05/2011,"105358,37"
2011,Unión del Pueblo Navarro,Pública,Subvención,Electoral,Elecciones Autonómicas 22/05/2011,"409851,56"
2011,Unión del Pueblo Navarro,Pública,Subvención,Electoral,Elecciones Generales 22/11/2011,"96196,24"
2011,Unión del Pueblo Navarro,Privada,Particulares,Particulares,"Cuotas y aportaciones de afiliados, adheridos y simpatizantes",70053
2011,Unión del Pueblo Navarro,Privada,Particulares,Particulares,Otros Ingresos Financiación Privada,"31360,97"
2011,Unión del Pueblo Navarro,Privada,Crédito,Deuda contraída con entidades de crédito,Deuda con entidades de crédito,"281866,55"
2011,Unió Democrática de Catalunya,Pública,Subvención,Funcionamiento Ordinario,Subvención Estatal,"660829,41"
2011,Unió Democrática de Catalunya,Pública,Subvención,Funcionamiento Ordinario,Entidades Locales,"78364,32"
2011,Unió Democrática de Catalunya,Privada,Particulares,Particulares,"Cuotas y aportaciones de afiliados, adheridos y simpatizantes",310075
2011,Unió Democrática de Catalunya,Privada,Particulares,Particulares,Donaciones,627450
2011,Unió Democrática de Catalunya,Privada,Particulares,Particulares,Otros Ingresos Financiación Privada,"843977,27"
2011,Unió Democrática de Catalunya,Privada,Crédito,Deuda contraída con entidades de crédito,Deuda con entidades de crédito,"16276780,13"
2011,Partit dels Socialistes de Catalunya,Pública,Subvención,Funcionamiento Ordinario,Subvención Estatal,"5725686,96"
2011,Partit dels Socialistes de Catalunya,Pública,Subvención,Funcionamiento Ordinario,Asambleas Legislativas Autonómicas y Ciudades Autónomas,"4030287,19"
2011,Partit dels Socialistes de Catalunya,Pública,Subvención,Funcionamiento Ordinario,Entidades Locales,"3707929,56"
2011,Partit dels Socialistes de Catalunya,Pública,Subvención,Electoral,Parlamento de Cataluña 28/11/2010,"1243088,2"
2011,Partit dels Socialistes de Catalunya,Pública,Subvención,Electoral,Elecciones Locales 22/05/2011,"1695096,82"
2011,Partit dels Socialistes de Catalunya,Pública,Subvención,Electoral,Elecciones Generales 22/11/2011,"887545,54"
2011,Partit dels Socialistes de Catalunya,Privada,Particulares,Particulares,"Cuotas y aportaciones de afiliados, adheridos y simpatizantes","1127244,95"
2011,Partit dels Socialistes de Catalunya,Privada,Particulares,Particulares,Donaciones,"1351846,46"
2011,Partit dels Socialistes de Catalunya,Privada,Particulares,Particulares,Otros Ingresos Financiación Privada,"286727,36"
2011,Partit dels Socialistes de Catalunya,Privada,Crédito,Deuda contraída con entidades de crédito,Deuda con entidades de crédito,"12967864,53"
2011,Partido Socialista Obrero Español,Pública,Subvención,Funcionamiento Ordinario,Subvención Estatal,"33051886,63"
2011,Partido Socialista Obrero Español,Pública,Subvención,Funcionamiento Ordinario,Gobiernos Autonómicos,"2795237,36"
2011,Partido Socialista Obrero Español,Pública,Subvención,Funcionamiento Ordinario,Cortes Generales,"6058131,22"
2011,Partido Socialista Obrero Español,Pública,Subvención,Funcionamiento Ordinario,Asambleas Legislativas Autonómicas y Ciudades Autónomas,"18702616,18"
2011,Partido Socialista Obrero Español,Pública,Subvención,Funcionamiento Ordinario,Entidades Locales,"15153967,09"
2011,Partido Socialista Obrero Español,Pública,Subvención,Electoral,Elecciones Locales 22/05/2011,"13924619,22"
2011,Partido Socialista Obrero Español,Pública,Subvención,Electoral,Elecciones Autonómicas 22/05/2011,"3610131,33"
2011,Partido Socialista Obrero Español,Pública,Subvención,Electoral,Elecciones Generales 22/11/2011,"5785144,82"
2011,Partido Socialista Obrero Español,Privada,Particulares,Particulares,"Cuotas y aportaciones de afiliados, adheridos y simpatizantes","18032378,04"
2011,Partido Socialista Obrero Español,Privada,Particulares,Particulares,Donaciones,"2908251,86"
2011,Partido Socialista Obrero Español,Privada,Particulares,Particulares,Otros Ingresos Financiación Privada,"1833015,08"
2011,Partido Socialista Obrero Español,Privada,Crédito,Deuda contraída con entidades de crédito,Deuda con entidades de crédito,"70101938,65"
2011,Partido Popular,Pública,Subvención,Funcionamiento Ordinario,Subvención Estatal,"36823386,29"
2011,Partido Popular,Pública,Subvención,Funcionamiento Ordinario,Gobiernos Autonómicos,"2195748,59"
2011,Partido Popular,Pública,Subvención,Funcionamiento Ordinario,Cortes Generales,"6317143,18"
2011,Partido Popular,Pública,Subvención,Funcionamiento Ordinario,Asambleas Legislativas Autonómicas y Ciudades Autónomas,"23367279,64"
2011,Partido Popular,Pública,Subvención,Funcionamiento Ordinario,Entidades Locales,"17822757,05"
2011,Partido Popular,Pública,Subvención,Electoral,Parlamento de Cataluña 28/11/2010,"1157540,2"
2011,Partido Popular,Pública,Subvención,Electoral,Elecciones Locales 22/05/2011,"15273373,82"
2011,Partido Popular,Pública,Subvención,Electoral,Elecciones Autonómicas 22/05/2011,"4017039,26"
2011,Partido Popular,Pública,Subvención,Electoral,Elecciones Generales 22/11/2011,"6842720,33"
2011,Partido Popular,Privada,Particulares,Particulares,"Cuotas y aportaciones de afiliados, adheridos y simpatizantes","12078165,31"
2011,Partido Popular,Privada,Particulares,Particulares,Donaciones,"2145070,55"
2011,Partido Popular,Privada,Particulares,Particulares,Otros Ingresos Financiación Privada,"1776137,39"
2011,Partido Popular,Privada,Crédito,Deuda contraída con entidades de crédito,Deuda con entidades de crédito,"77991929,89"
2011,Partido Nacionalista Vasco,Pública,Subvención,Funcionamiento Ordinario,Subvención Estatal,"1211031,7"
2011,Partido Nacionalista Vasco,Pública,Subvención,Funcionamiento Ordinario,Gobiernos Autonómicos,"2535491,94"
2011,Partido Nacionalista Vasco,Pública,Subvención,Funcionamiento Ordinario,Cortes Generales,"470691,49"
2011,Partido Nacionalista Vasco,Pública,Subvención,Funcionamiento Ordinario,Asambleas Legislativas Autonómicas y Ciudades Autónomas,1332720
2011,Partido Nacionalista Vasco,Pública,Subvención,Funcionamiento Ordinario,Entidades Locales,"2446660,38"
2011,Partido Nacionalista Vasco,Pública,Subvención,Electoral,Elecciones Locales 22/05/2011,"1324809,83"
2011,Partido Nacionalista Vasco,Pública,Subvención,Electoral,Elecciones Generales 22/11/2011,"261870,53"
2011,Partido Nacionalista Vasco,Privada,Particulares,Particulares,"Cuotas y aportaciones de afiliados, adheridos y simpatizantes","1965435,73"
2011,Partido Nacionalista Vasco,Privada,Particulares,Particulares,Donaciones,"120702,88"
2011,Partido Nacionalista Vasco,Privada,Particulares,Particulares,Otros Ingresos Financiación Privada,"5434684,08"
2011,Partido Nacionalista Vasco,Privada,Crédito,Deuda contraída con entidades de crédito,Deuda con entidades de crédito,"27703592,87"
2011,Partido Comunista de España,Privada,Particulares,Particulares,"Cuotas y aportaciones de afiliados, adheridos y simpatizantes","149374,94"
2011,Partido Comunista de España,Privada,Particulares,Particulares,Donaciones,18553
2011,Partido Comunista de España,Privada,Particulares,Particulares,Otros Ingresos Financiación Privada,"395537,03"
2011,Partido Comunista de España,Privada,Crédito,Deuda contraída con entidades de crédito,Deuda con entidades de crédito,"406228,16"
2011,Partido Aragonés,Pública,Subvención,Funcionamiento Ordinario,Subvención Estatal,"41761,77"
2011,Partido Aragonés,Pública,Subvención,Funcionamiento Ordinario,Asambleas Legislativas Autonómicas y Ciudades Autónomas,"448773,51"
2011,Partido Aragonés,Pública,Subvención,Funcionamiento Ordinario,Entidades Locales,"167625,82"
2011,Partido Aragonés,Pública,Subvención,Electoral,Elecciones Locales 22/05/2011,"230764,16"
2011,Partido Aragonés,Pública,Subvención,Electoral,Elecciones Autonómicas 22/05/2011,"95176,17"
2011,Partido Aragonés,Privada,Particulares,Particulares,"Cuotas y aportaciones de afiliados, adheridos y simpatizantes","107658,13"
2011,Partido Aragonés,Privada,Particulares,Particulares,Donaciones,144580
2011,Partido Aragonés,Privada,Particulares,Particulares,Otros Ingresos Financiación Privada,"52116,68"
2011,Partido Aragonés,Privada,Crédito,Deuda contraída con entidades de crédito,Deuda con entidades de crédito,"887606,42"
2011,Otras formaciones con representación parlamentaria,Pública,Subvención,Funcionamiento Ordinario,Cortes Generales,"419799,63"
2011,Otras formaciones con representación parlamentaria,Pública,Subvención,Funcionamiento Ordinario,Asambleas Legislativas Autonómicas y Ciudades Autónomas,"3827528,74"
2011,Otras formaciones,Pública,Subvención,Funcionamiento Ordinario,Entidades Locales,"6283637,14"
2011,Otras formaciones,Pública,Subvención,Electoral,Parlamento de Cataluña 28/11/2010,"214496,91"
2011,Otras formaciones,Pública,Subvención,Electoral,Elecciones Locales 22/05/2011,"1987543,51"
2011,Otras formaciones,Pública,Subvención,Electoral,Elecciones Autonómicas 22/05/2011,"481108,74"
2011,Otras formaciones,Pública,Subvención,Electoral,Elecciones Generales 22/11/2011,"743093,33"
2011,Nafarroa Bai,Pública,Subvención,Funcionamiento Ordinario,Subvención Estatal,"202908,69"
2011,Nafarroa Bai,Pública,Subvención,Funcionamiento Ordinario,Cortes Generales,"62573,4"
2011,Nafarroa Bai,Pública,Subvención,Funcionamiento Ordinario,Asambleas Legislativas Autonómicas y Ciudades Autónomas,"290564,27"
2011,Nafarroa Bai,Pública,Subvención,Funcionamiento Ordinario,Entidades Locales,"40941,68"
2011,Nafarroa Bai,Pública,Subvención,Electoral,Elecciones Autonómicas 22/05/2011,"242603,22"
2011,Nafarroa Bai,Privada,Particulares,Particulares,Otros Ingresos Financiación Privada,"1199,32"
2011,Izquierda Unida,Pública,Subvención,Funcionamiento Ordinario,Subvención Estatal,"2147659,34"
2011,Izquierda Unida,Pública,Subvención,Funcionamiento Ordinario,Gobiernos Autonómicos,"263114,89"
2011,Izquierda Unida,Pública,Subvención,Funcionamiento Ordinario,Cortes Generales,"29663,94"
2011,Izquierda Unida,Pública,Subvención,Funcionamiento Ordinario,Asambleas Legislativas Autonómicas y Ciudades Autónomas,"3271795,33"
2011,Izquierda Unida,Pública,Subvención,Funcionamiento Ordinario,Entidades Locales,"3288117,19"
2011,Izquierda Unida,Pública,Subvención,Electoral,Elecciones Locales 22/05/2011,"4316251,46"
2011,Izquierda Unida,Pública,Subvención,Electoral,Elecciones Autonómicas 22/05/2011,"540556,82"
2011,Izquierda Unida,Pública,Subvención,Electoral,Elecciones Generales 22/11/2011,"2230293,88"
2011,Izquierda Unida,Privada,Particulares,Particulares,"Cuotas y aportaciones de afiliados, adheridos y simpatizantes",1631873
2011,Izquierda Unida,Privada,Particulares,Particulares,Donaciones,"123704,68"
2011,Izquierda Unida,Privada,Particulares,Particulares,Otros Ingresos Financiación Privada,"1105285,19"
2011,Izquierda Unida,Privada,Crédito,Deuda contraída con entidades de crédito,Deuda con entidades de crédito,"17420721,95"
2011,Iniciativa per Catalunya Verds,Pública,Subvención,Funcionamiento Ordinario,Subvención Estatal,"558968,07"
2011,Iniciativa per Catalunya Verds,Pública,Subvención,Funcionamiento Ordinario,Asambleas Legislativas Autonómicas y Ciudades Autónomas,"1792325,63"
2011,Iniciativa per Catalunya Verds,Pública,Subvención,Funcionamiento Ordinario,Entidades Locales,"1017465,19"
2011,Iniciativa per Catalunya Verds,Pública,Subvención,Electoral,Parlamento de Cataluña 28/11/2010,"859607,03"
2011,Iniciativa per Catalunya Verds,Pública,Subvención,Electoral,Elecciones Locales 22/05/2011,"893979,12"
2011,Iniciativa per Catalunya Verds,Privada,Particulares,Particulares,"Cuotas y aportaciones de afiliados, adheridos y simpatizantes","247155,33"
2011,Iniciativa per Catalunya Verds,Privada,Particulares,Particulares,Otros Ingresos Financiación Privada,"1010279,7"
2011,Iniciativa per Catalunya Verds,Privada,Crédito,Deuda contraída con entidades de crédito,Deuda con entidades de crédito,"16136909,31"
2011,Grupo Senadores Nacionalistas,Pública,Subvención,Funcionamiento Ordinario,Cortes Generales,"266151,43"
2011,Grupo Mixto,Pública,Subvención,Funcionamiento Ordinario,Cortes Generales,"440910,54"
2011,Geroa Bai,Pública,Subvención,Funcionamiento Ordinario,Subvención Estatal,"20874,6"
2011,Geroa Bai,Pública,Subvención,Funcionamiento Ordinario,Cortes Generales,"1996,6"
2011,Geroa Bai,Privada,Particulares,Particulares,Otros Ingresos Financiación Privada,0
2011,Foro de Ciudadanos,Pública,Subvención,Funcionamiento Ordinario,Subvención Estatal,"36630,47"
2011,Foro de Ciudadanos,Pública,Subvención,Funcionamiento Ordinario,Asambleas Legislativas Autonómicas y Ciudades Autónomas,"468278,43"
2011,Foro de Ciudadanos,Pública,Subvención,Funcionamiento Ordinario,Entidades Locales,"158159,28"
2011,Foro de Ciudadanos,Pública,Subvención,Electoral,Elecciones Locales 22/05/2011,"211112,16"
2011,Foro de Ciudadanos,Privada,Particulares,Particulares,"Cuotas y aportaciones de afiliados, adheridos y simpatizantes","154168,05"
2011,Foro de Ciudadanos,Privada,Particulares,Particulares,Donaciones,"311212,67"
2011,Foro de Ciudadanos,Privada,Particulares,Particulares,Otros Ingresos Financiación Privada,"21209,2"
2011,Foro de Ciudadanos,Privada,Crédito,Deuda contraída con entidades de crédito,Deuda con entidades de crédito,"1063403,57"
2011,Ezker Batua Berdeak,Privada,Particulares,Particulares,"Cuotas y aportaciones de afiliados, adheridos y simpatizantes","126787,09"
2011,Ezker Batua Berdeak,Privada,Particulares,Particulares,Donaciones,4240
2011,Ezker Batua Berdeak,Privada,Particulares,Particulares,Otros Ingresos Financiación Privada,"111097,28"
2011,Ezker Batua Berdeak,Privada,Crédito,Deuda contraída con entidades de crédito,Deuda con entidades de crédito,"1066123,32"
2011,Eusko Alkartasuna,Pública,Subvención,Funcionamiento Ordinario,Gobiernos Autonómicos,"117675,23"
2011,Eusko Alkartasuna,Pública,Subvención,Funcionamiento Ordinario,Asambleas Legislativas Autonómicas y Ciudades Autónomas,"110231,96"
2011,Eusko Alkartasuna,Pública,Subvención,Funcionamiento Ordinario,Entidades Locales,"140945,69"
2011,Eusko Alkartasuna,Pública,Subvención,Electoral,Elecciones Locales 22/05/2011,"117404,34"
2011,Eusko Alkartasuna,Privada,Particulares,Particulares,"Cuotas y aportaciones de afiliados, adheridos y simpatizantes","346622,59"
2011,Eusko Alkartasuna,Privada,Particulares,Particulares,Donaciones,"2045,64"
2011,Eusko Alkartasuna,Privada,Particulares,Particulares,Otros Ingresos Financiación Privada,"111479,61"
2011,Eusko Alkartasuna,Privada,Crédito,Deuda contraída con entidades de crédito,Deuda con entidades de crédito,"2396647,55"
2011,Esquerra Unida del País Valencià,Privada,Particulares,Particulares,"Cuotas y aportaciones de afiliados, adheridos y simpatizantes","224762,71"
2011,Esquerra Unida del País Valencià,Privada,Particulares,Particulares,Donaciones,"6362,26"
2011,Esquerra Unida del País Valencià,Privada,Particulares,Particulares,Otros Ingresos Financiación Privada,"76772,82"
2011,Esquerra Unida del País Valencià,Privada,Crédito,Deuda contraída con entidades de crédito,Deuda con entidades de crédito,"769853,53"
2011,Esquerra Republicana de Catalunya,Pública,Subvención,Funcionamiento Ordinario,Subvención Estatal,990499
2011,Esquerra Republicana de Catalunya,Pública,Subvención,Funcionamiento Ordinario,Cortes Generales,"4344,32"
2011,Esquerra Republicana de Catalunya,Pública,Subvención,Funcionamiento Ordinario,Asambleas Legislativas Autonómicas y Ciudades Autónomas,"1900039,63"
2011,Esquerra Republicana de Catalunya,Pública,Subvención,Funcionamiento Ordinario,Entidades Locales,"1085760,16"
2011,Esquerra Republicana de Catalunya,Pública,Subvención,Electoral,Parlamento de Cataluña 28/11/2010,"837963,86"
2011,Esquerra Republicana de Catalunya,Pública,Subvención,Electoral,Elecciones Locales 22/05/2011,"1068316,08"
2011,Esquerra Republicana de Catalunya,Pública,Subvención,Electoral,Elecciones Generales 22/11/2011,"401505,56"
2011,Esquerra Republicana de Catalunya,Privada,Particulares,Particulares,"Cuotas y aportaciones de afiliados, adheridos y simpatizantes","895158,62"
2011,Esquerra Republicana de Catalunya,Privada,Particulares,Particulares,Donaciones,"69676,83"
2011,Esquerra Republicana de Catalunya,Privada,Particulares,Particulares,Otros Ingresos Financiación Privada,"1462554,74"
2011,Esquerra Republicana de Catalunya,Privada,Crédito,Deuda contraída con entidades de crédito,Deuda con entidades de crédito,"2482161,77"
2011,Entesa pel Progrés de Catalunya,Pública,Subvención,Funcionamiento Ordinario,Cortes Generales,"20461,29"
2011,Entesa Catalana de Progrés,Pública,Subvención,Funcionamiento Ordinario,Cortes Generales,"472768,7"
2011,Convergencia i Unió,Pública,Subvención,Funcionamiento Ordinario,Subvención Estatal,"135719,5"
2011,Convergencia i Unió,Pública,Subvención,Funcionamiento Ordinario,Cortes Generales,"902665,99"
2011,Convergencia i Unió,Pública,Subvención,Funcionamiento Ordinario,Asambleas Legislativas Autonómicas y Ciudades Autónomas,"7924504,52"
2011,Convergencia i Unió,Pública,Subvención,Funcionamiento Ordinario,Entidades Locales,"2559172,68"
2011,Convergencia i Unió,Pública,Subvención,Electoral,Parlamento de Cataluña 28/11/2010,"2194360,94"
2011,Convergencia i Unió,Pública,Subvención,Electoral,Elecciones Locales 22/05/2011,"681379,26"
2011,Convergencia i Unió,Pública,Subvención,Electoral,Elecciones Generales 22/11/2011,"691330,73"
2011,Convergencia i Unió,Privada,Particulares,Particulares,Otros Ingresos Financiación Privada,"3303,89"
2011,Convergencia i Unió,Privada,Crédito,Deuda contraída con entidades de crédito,Deuda con entidades de crédito,"12609005,27"
2011,Convergencia Democratica de Cataluña,Pública,Subvención,Funcionamiento Ordinario,Subvención Estatal,"1982488,22"
2011,Convergencia Democratica de Cataluña,Pública,Subvención,Funcionamiento Ordinario,Entidades Locales,"203866,3"
2011,Convergencia Democratica de Cataluña,Privada,Particulares,Particulares,"Cuotas y aportaciones de afiliados, adheridos y simpatizantes","3115007,44"
2011,Convergencia Democratica de Cataluña,Privada,Particulares,Particulares,Donaciones,50484
2011,Convergencia Democratica de Cataluña,Privada,Particulares,Particulares,Otros Ingresos Financiación Privada,"2881741,57"
2011,Convergencia Democratica de Cataluña,Privada,Crédito,Deuda contraída con entidades de crédito,Deuda con entidades de crédito,"3607971,83"
2011,Compromís-Q,Pública,Subvención,Funcionamiento Ordinario,Subvención Estatal,"43763,94"
2011,Compromís-Q,Pública,Subvención,Funcionamiento Ordinario,Cortes Generales,"1996,6"
2011,Compromís-Q,Privada,Particulares,Particulares,Otros Ingresos Financiación Privada,0
2011,Compromís pel País Valencià,Pública,Subvención,Funcionamiento Ordinario,Gobiernos Autonómicos,"69095,12"
2011,Compromís pel País Valencià,Pública,Subvención,Funcionamiento Ordinario,Asambleas Legislativas Autonómicas y Ciudades Autónomas,"173799,35"
2011,Compromís pel País Valencià,Privada,Particulares,Particulares,Otros Ingresos Financiación Privada,"21252,72"
2011,Coalición Canaria,Pública,Subvención,Funcionamiento Ordinario,Subvención Estatal,"567384,06"
2011,Coalición Canaria,Pública,Subvención,Funcionamiento Ordinario,Cortes Generales,"129139,99"
2011,Coalición Canaria,Pública,Subvención,Funcionamiento Ordinario,Asambleas Legislativas Autonómicas y Ciudades Autónomas,649605
2011,Coalición Canaria,Pública,Subvención,Funcionamiento Ordinario,Entidades Locales,"942049,49"
2011,Coalición Canaria,Pública,Subvención,Electoral,Elecciones Locales 22/05/2011,"298990,01"
2011,Coalición Canaria,Pública,Subvención,Electoral,Elecciones Autonómicas 22/05/2011,"486554,73"
2011,Coalición Canaria,Pública,Subvención,Electoral,Elecciones Generales 22/11/2011,"24036,31"
2011,Coalición Canaria,Privada,Particulares,Particulares,Donaciones,250000
2011,Coalición Canaria,Privada,Particulares,Particulares,Otros Ingresos Financiación Privada,"100,18"
2011,Coalición Canaria,Privada,Crédito,Deuda contraída con entidades de crédito,Deuda con entidades de crédito,"1027719,21"
2011,Chunta Aragonesista,Pública,Subvención,Funcionamiento Ordinario,Subvención Estatal,"20899,95"
2011,Chunta Aragonesista,Pública,Subvención,Funcionamiento Ordinario,Asambleas Legislativas Autonómicas y Ciudades Autónomas,"328388,07"
2011,Chunta Aragonesista,Pública,Subvención,Funcionamiento Ordinario,Entidades Locales,"125524,22"
2011,Chunta Aragonesista,Pública,Subvención,Electoral,Elecciones Locales 22/05/2011,"197315,98"
2011,Chunta Aragonesista,Pública,Subvención,Electoral,Elecciones Autonómicas 22/05/2011,75185
2011,Chunta Aragonesista,Privada,Particulares,Particulares,"Cuotas y aportaciones de afiliados, adheridos y simpatizantes","185077,64"
2011,Chunta Aragonesista,Privada,Particulares,Particulares,Otros Ingresos Financiación Privada,"202490,65"
2011,Chunta Aragonesista,Privada,Crédito,Deuda contraída con entidades de crédito,Deuda con entidades de crédito,"999762,69"
2011,Bloque Nacionalista Galego,Pública,Subvención,Funcionamiento Ordinario,Subvención Estatal,"657226,52"
2011,Bloque Nacionalista Galego,Pública,Subvención,Funcionamiento Ordinario,Cortes Generales,"129139,99"
2011,Bloque Nacionalista Galego,Pública,Subvención,Funcionamiento Ordinario,Asambleas Legislativas Autonómicas y Ciudades Autónomas,"518455,08"
2011,Bloque Nacionalista Galego,Pública,Subvención,Funcionamiento Ordinario,Entidades Locales,"557019,2"
2011,Bloque Nacionalista Galego,Pública,Subvención,Electoral,Elecciones Locales 22/05/2011,"245885,84"
2011,Bloque Nacionalista Galego,Pública,Subvención,Electoral,Elecciones Generales 22/11/2011,"215493,13"
2011,Bloque Nacionalista Galego,Privada,Particulares,Particulares,"Cuotas y aportaciones de afiliados, adheridos y simpatizantes","913139,3"
2011,Bloque Nacionalista Galego,Privada,Particulares,Particulares,Donaciones,"497135,99"
2011,Bloque Nacionalista Galego,Privada,Particulares,Particulares,Otros Ingresos Financiación Privada,"691559,06"
2011,Bloque Nacionalista Galego,Privada,Crédito,Deuda contraída con entidades de crédito,Deuda con entidades de crédito,"4709902,48"
2011,Bloc-Iniciativa-Verds:Coalició Compromís,Pública,Subvención,Funcionamiento Ordinario,Gobiernos Autonómicos,"97976,3"
2011,Bloc-Iniciativa-Verds:Coalició Compromís,Pública,Subvención,Funcionamiento Ordinario,Asambleas Legislativas Autonómicas y Ciudades Autónomas,"220983,79"
2011,Bloc-Iniciativa-Verds:Coalició Compromís,Pública,Subvención,Funcionamiento Ordinario,Entidades Locales,"29513,43"
2011,Bloc-Iniciativa-Verds:Coalició Compromís,Privada,Particulares,Particulares,Otros Ingresos Financiación Privada,0
2011,Bloc Nacionalista Valencià,Privada,Particulares,Particulares,"Cuotas y aportaciones de afiliados, adheridos y simpatizantes","314342,94"
2011,Bloc Nacionalista Valencià,Privada,Particulares,Particulares,Otros Ingresos Financiación Privada,"49323,43"
2011,Bloc Nacionalista Valencià,Privada,Crédito,Deuda contraída con entidades de crédito,Deuda con entidades de crédito,"863359,31"
2011,Bloc Nacionalista Valencià,Pública,Subvención,Funcionamiento Ordinario,Entidades Locales,102386
2011,Aralar,Pública,Subvención,Funcionamiento Ordinario,Gobiernos Autonómicos,"377245,21"
2011,Aralar,Pública,Subvención,Funcionamiento Ordinario,Asambleas Legislativas Autonómicas y Ciudades Autónomas,367808
2011,Aralar,Pública,Subvención,Funcionamiento Ordinario,Entidades Locales,"140449,68"
2011,Aralar,Pública,Subvención,Electoral,Elecciones Locales 22/05/2011,"12098,84"
2011,Aralar,Privada,Particulares,Particulares,"Cuotas y aportaciones de afiliados, adheridos y simpatizantes","235229,28"
2011,Aralar,Privada,Particulares,Particulares,Otros Ingresos Financiación Privada,"8079,42"
2011,Aralar,Privada,Crédito,Deuda contraída con entidades de crédito,Deuda con entidades de crédito,"35858,23"
2011,Amaiur,Pública,Subvención,Funcionamiento Ordinario,Subvención Estatal,"156503,06"
2011,Amaiur,Pública,Subvención,Funcionamiento Ordinario,Cortes Generales,"13647,1"
2011,Amaiur,Privada,Particulares,Particulares,Otros Ingresos Financiación Privada,0
2011,Amaiur,Privada,Crédito,Deuda contraída con entidades de crédito,Deuda con entidades de crédito,"318024,33"
2010,Unión Progreso y Democracia,Pública,Subvención,Funcionamiento Ordinario,Subvención Estatal,"786692,42"
2010,Unión Progreso y Democracia,Pública,Subvención,Funcionamiento Ordinario,Gobiernos Autonómicos,"53415,41"
2010,Unión Progreso y Democracia,Pública,Subvención,Funcionamiento Ordinario,Cortes Generales,"72388,96"
2010,Unión Progreso y Democracia,Pública,Subvención,Funcionamiento Ordinario,Asambleas Legislativas Autonómicas y Ciudades Autónomas,"110631,96"
2010,Unión Progreso y Democracia,Pública,Subvención,Electoral,Elecciones Generales 09/03/2008,"23849,31"
2010,Unión Progreso y Democracia,Privada,Particulares,Particulares,"Cuotas y aportaciones de afiliados, adheridos y simpatizantes","1004875,5"
2010,Unión Progreso y Democracia,Privada,Particulares,Particulares,Donaciones,42150
2010,Unión Progreso y Democracia,Privada,Particulares,Particulares,Otros Ingresos Financiación Privada,"111400,08"
2010,Unión Progreso y Democracia,Privada,Crédito,Deuda contraída con entidades de crédito,Deuda con entidades de crédito,"303236,82"
2010,Unión del Pueblo Navarro,Pública,Subvención,Funcionamiento Ordinario,Subvención Estatal,"469283,52"
2010,Unión del Pueblo Navarro,Pública,Subvención,Funcionamiento Ordinario,Cortes Generales,"72388,96"
2010,Unión del Pueblo Navarro,Pública,Subvención,Funcionamiento Ordinario,Asambleas Legislativas Autonómicas y Ciudades Autónomas,1060128
2010,Unión del Pueblo Navarro,Pública,Subvención,Funcionamiento Ordinario,Entidades Locales,"66614,14"
2010,Unión del Pueblo Navarro,Pública,Subvención,Electoral,Elecciones Generales 09/03/2008,"60924,3"
2010,Unión del Pueblo Navarro,Privada,Particulares,Particulares,"Cuotas y aportaciones de afiliados, adheridos y simpatizantes",72721
2010,Unión del Pueblo Navarro,Privada,Particulares,Particulares,Otros Ingresos Financiación Privada,"53522,78"
2010,Unión del Pueblo Navarro,Privada,Crédito,Deuda contraída con entidades de crédito,Deuda con entidades de crédito,"293836,64"
2010,Unió Democrática de Catalunya,Pública,Subvención,Funcionamiento Ordinario,Subvención Estatal,"620499,71"
2010,Unió Democrática de Catalunya,Pública,Subvención,Funcionamiento Ordinario,Entidades Locales,"30059,79"
2010,Unió Democrática de Catalunya,Privada,Particulares,Particulares,"Cuotas y aportaciones de afiliados, adheridos y simpatizantes",85650
2010,Unió Democrática de Catalunya,Privada,Particulares,Particulares,Donaciones,709000
2010,Unió Democrática de Catalunya,Privada,Particulares,Particulares,Otros Ingresos Financiación Privada,"415670,69"
2010,Unió Democrática de Catalunya,Privada,Crédito,Deuda contraída con entidades de crédito,Deuda con entidades de crédito,"14110547,27"
2010,Partit dels Socialistes de Catalunya,Pública,Subvención,Funcionamiento Ordinario,Subvención Estatal,"5927514,22"
2010,Partit dels Socialistes de Catalunya,Pública,Subvención,Funcionamiento Ordinario,Asambleas Legislativas Autonómicas y Ciudades Autónomas,"3673693,76"
2010,Partit dels Socialistes de Catalunya,Pública,Subvención,Funcionamiento Ordinario,Entidades Locales,"4130226,07"
2010,Partit dels Socialistes de Catalunya,Pública,Subvención,Electoral,Elecciones Generales 09/03/2008,"542699,34"
2010,Partit dels Socialistes de Catalunya,Pública,Subvención,Electoral,Parlamento  de Cataluña 28/11/2010,"671308,6"
2010,Partit dels Socialistes de Catalunya,Privada,Particulares,Particulares,"Cuotas y aportaciones de afiliados, adheridos y simpatizantes","1167830,39"
2010,Partit dels Socialistes de Catalunya,Privada,Particulares,Particulares,Donaciones,"1722971,67"
2010,Partit dels Socialistes de Catalunya,Privada,Particulares,Particulares,Otros Ingresos Financiación Privada,305192
2010,Partit dels Socialistes de Catalunya,Privada,Crédito,Deuda contraída con entidades de crédito,Deuda con entidades de crédito,"11389467,24"
2010,Partido Socialista Obrero Español,Pública,Subvención,Funcionamiento Ordinario,Subvención Estatal,"33831136,9"
2010,Partido Socialista Obrero Español,Pública,Subvención,Funcionamiento Ordinario,Gobiernos Autonómicos,"3458987,91"
2010,Partido Socialista Obrero Español,Pública,Subvención,Funcionamiento Ordinario,Cortes Generales,"6509214,09"
2010,Partido Socialista Obrero Español,Pública,Subvención,Funcionamiento Ordinario,Asambleas Legislativas Autonómicas y Ciudades Autónomas,"19908246,46"
2010,Partido Socialista Obrero Español,Pública,Subvención,Funcionamiento Ordinario,Entidades Locales,"17834171,96"
2010,Partido Socialista Obrero Español,Pública,Subvención,Electoral,Elecciones Generales 09/03/2008,"1933313,35"
2010,Partido Socialista Obrero Español,Privada,Particulares,Particulares,"Cuotas y aportaciones de afiliados, adheridos y simpatizantes","16384495,37"
2010,Partido Socialista Obrero Español,Privada,Particulares,Particulares,Donaciones,"3030914,83"
2010,Partido Socialista Obrero Español,Privada,Particulares,Particulares,Otros Ingresos Financiación Privada,"3455152,82"
2010,Partido Socialista Obrero Español,Privada,Crédito,Deuda contraída con entidades de crédito,Deuda con entidades de crédito,"56853117,14"
2010,Partido Popular,Pública,Subvención,Funcionamiento Ordinario,Subvención Estatal,"35739905,46"
2010,Partido Popular,Pública,Subvención,Funcionamiento Ordinario,Gobiernos Autonómicos,"2834525,48"
2010,Partido Popular,Pública,Subvención,Funcionamiento Ordinario,Cortes Generales,"6564211,88"
2010,Partido Popular,Pública,Subvención,Funcionamiento Ordinario,Asambleas Legislativas Autonómicas y Ciudades Autónomas,"21962842,6"
2010,Partido Popular,Pública,Subvención,Funcionamiento Ordinario,Entidades Locales,"17518460,14"
2010,Partido Popular,Pública,Subvención,Electoral,Elecciones Generales 09/03/2008,"3080082,64"
2010,Partido Popular,Pública,Subvención,Electoral,Parlamento  de Cataluña 28/11/2010,"447007,38"
2010,Partido Popular,Privada,Particulares,Particulares,"Cuotas y aportaciones de afiliados, adheridos y simpatizantes","11265509,89"
2010,Partido Popular,Privada,Particulares,Particulares,Donaciones,"537679,1"
2010,Partido Popular,Privada,Particulares,Particulares,Otros Ingresos Financiación Privada,"1350063,43"
2010,Partido Popular,Privada,Crédito,Deuda contraída con entidades de crédito,Deuda con entidades de crédito,"54259417,05"
2010,Partido Nacionalista Vasco,Pública,Subvención,Funcionamiento Ordinario,Subvención Estatal,"1193414,78"
2010,Partido Nacionalista Vasco,Pública,Subvención,Funcionamiento Ordinario,Gobiernos Autonómicos,"2837336,22"
2010,Partido Nacionalista Vasco,Pública,Subvención,Funcionamiento Ordinario,Cortes Generales,"485937,48"
2010,Partido Nacionalista Vasco,Pública,Subvención,Funcionamiento Ordinario,Asambleas Legislativas Autonómicas y Ciudades Autónomas,"1344417,49"
2010,Partido Nacionalista Vasco,Pública,Subvención,Funcionamiento Ordinario,Entidades Locales,"2671982,66"
2010,Partido Nacionalista Vasco,Pública,Subvención,Electoral,Elecciones Generales 09/03/2008,"87289,99"
2010,Partido Nacionalista Vasco,Privada,Particulares,Particulares,"Cuotas y aportaciones de afiliados, adheridos y simpatizantes","2236866,17"
2010,Partido Nacionalista Vasco,Privada,Particulares,Particulares,Donaciones,"37245,62"
2010,Partido Nacionalista Vasco,Privada,Particulares,Particulares,Otros Ingresos Financiación Privada,"5497493,15"
2010,Partido Nacionalista Vasco,Privada,Crédito,Deuda contraída con entidades de crédito,Deuda con entidades de crédito,"28588068,21"
2010,Partido Comunista de España,Privada,Particulares,Particulares,"Cuotas y aportaciones de afiliados, adheridos y simpatizantes","154724,88"
2010,Partido Comunista de España,Privada,Particulares,Particulares,Donaciones,23591
2010,Partido Comunista de España,Privada,Particulares,Particulares,Otros Ingresos Financiación Privada,"310425,24"
2010,Partido Comunista de España,Privada,Crédito,Deuda contraída con entidades de crédito,Deuda con entidades de crédito,"489897,84"
2010,Otras formaciones con representación parlamentaria,Pública,Subvención,Funcionamiento Ordinario,Cortes Generales,"465152,28"
2010,Otras formaciones con representación parlamentaria,Pública,Subvención,Funcionamiento Ordinario,Asambleas Legislativas Autonómicas y Ciudades Autónomas,"3100760,22"
2010,Otras formaciones,Pública,Subvención,Funcionamiento Ordinario,Entidades Locales,"5347395,66"
2010,Otras formaciones,Pública,Subvención,Electoral,Elecciones Locales 27/05/2007 2,"5335,59"
2010,Otras formaciones,Pública,Subvención,Electoral,Elecciones Generales 09/03/2008,"9243,84"
2010,Otras formaciones,Pública,Subvención,Electoral,Parlamento de Cataluña 28/11/2010,"33078,44"
2010,Nafarroa Bai,Pública,Subvención,Funcionamiento Ordinario,Subvención Estatal,"225120,52"
2010,Nafarroa Bai,Pública,Subvención,Funcionamiento Ordinario,Cortes Generales,"72388,92"
2010,Nafarroa Bai,Pública,Subvención,Funcionamiento Ordinario,Asambleas Legislativas Autonómicas y Ciudades Autónomas,637824
2010,Nafarroa Bai,Pública,Subvención,Funcionamiento Ordinario,Entidades Locales,"44570,51"
2010,Nafarroa Bai,Privada,Particulares,Particulares,Otros Ingresos Financiación Privada,"1973,9"
2010,Izquierda Unida,Pública,Subvención,Funcionamiento Ordinario,Subvención Estatal,"1893923,32"
2010,Izquierda Unida,Pública,Subvención,Funcionamiento Ordinario,Gobiernos Autonómicos,"211120,29"
2010,Izquierda Unida,Pública,Subvención,Funcionamiento Ordinario,Asambleas Legislativas Autonómicas y Ciudades Autónomas,"3201915,36"
2010,Izquierda Unida,Pública,Subvención,Funcionamiento Ordinario,Entidades Locales,"3997806,87"
2010,Izquierda Unida,Pública,Subvención,Electoral,Elecciones Generales 09/03/2008,"562863,71"
2010,Izquierda Unida,Privada,Particulares,Particulares,"Cuotas y aportaciones de afiliados, adheridos y simpatizantes","2183801,53"
2010,Izquierda Unida,Privada,Particulares,Particulares,Donaciones,"162712,99"
2010,Izquierda Unida,Privada,Particulares,Particulares,Otros Ingresos Financiación Privada,"579487,59"
2010,Izquierda Unida,Privada,Crédito,Deuda contraída con entidades de crédito,Deuda con entidades de crédito,"14276381,19"
2010,Iniciativa per Catalunya Verds,Pública,Subvención,Funcionamiento Ordinario,Subvención Estatal,"503832,38"
2010,Iniciativa per Catalunya Verds,Pública,Subvención,Funcionamiento Ordinario,Asambleas Legislativas Autonómicas y Ciudades Autónomas,"1415202,48"
2010,Iniciativa per Catalunya Verds,Pública,Subvención,Funcionamiento Ordinario,Entidades Locales,"1369369,1"
2010,Iniciativa per Catalunya Verds,Pública,Subvención,Electoral,Elecciones Generales 09/03/2008,"47415,86"
2010,Iniciativa per Catalunya Verds,Pública,Subvención,Electoral,Parlamento  de Cataluña 28/11/2010,"428996,94"
2010,Iniciativa per Catalunya Verds,Privada,Particulares,Particulares,"Cuotas y aportaciones de afiliados, adheridos y simpatizantes","298114,88"
2010,Iniciativa per Catalunya Verds,Privada,Particulares,Particulares,Otros Ingresos Financiación Privada,"656993,05"
2010,Iniciativa per Catalunya Verds,Privada,Crédito,Deuda contraída con entidades de crédito,Deuda con entidades de crédito,"14171343,5"
2010,Grupo Senadores Nacionalistas,Pública,Subvención,Funcionamiento Ordinario,Cortes Generales,"286280,92"
2010,Grupo Mixto,Pública,Subvención,Funcionamiento Ordinario,Cortes Generales,"496821,96"
2010,Ezker Batua Berdeak,Privada,Particulares,Particulares,"Cuotas y aportaciones de afiliados, adheridos y simpatizantes","391948,15"
2010,Ezker Batua Berdeak,Privada,Particulares,Particulares,Donaciones,2880
2010,Ezker Batua Berdeak,Privada,Particulares,Particulares,Otros Ingresos Financiación Privada,"171400,3"
2010,Ezker Batua Berdeak,Privada,Crédito,Deuda contraída con entidades de crédito,Deuda con entidades de crédito,"1164755,64"
2010,Eusko Alkartasuna,Pública,Subvención,Funcionamiento Ordinario,Gobiernos Autonómicos,"131684,18"
2010,Eusko Alkartasuna,Pública,Subvención,Funcionamiento Ordinario,Asambleas Legislativas Autonómicas y Ciudades Autónomas,"110026,93"
2010,Eusko Alkartasuna,Pública,Subvención,Funcionamiento Ordinario,Entidades Locales,"314389,37"
2010,Eusko Alkartasuna,Privada,Particulares,Particulares,"Cuotas y aportaciones de afiliados, adheridos y simpatizantes","227667,85"
2010,Eusko Alkartasuna,Privada,Particulares,Particulares,Donaciones,"2045,64"
2010,Eusko Alkartasuna,Privada,Particulares,Particulares,Otros Ingresos Financiación Privada,"140115,66"
2010,Eusko Alkartasuna,Privada,Crédito,Deuda contraída con entidades de crédito,Deuda con entidades de crédito,"2572271,1"
2010,Esquerra Unida del País Valencià,Privada,Particulares,Particulares,"Cuotas y aportaciones de afiliados, adheridos y simpatizantes","180149,77"
2010,Esquerra Unida del País Valencià,Privada,Particulares,Particulares,Otros Ingresos Financiación Privada,"37111,32"
2010,Esquerra Unida del País Valencià,Privada,Crédito,Deuda contraída con entidades de crédito,Deuda con entidades de crédito,"774557,81"
2010,Esquerra Republicana de Catalunya,Pública,Subvención,Funcionamiento Ordinario,Subvención Estatal,"989699,41"
2010,Esquerra Republicana de Catalunya,Pública,Subvención,Funcionamiento Ordinario,Asambleas Legislativas Autonómicas y Ciudades Autónomas,"2213516,68"
2010,Esquerra Republicana de Catalunya,Pública,Subvención,Funcionamiento Ordinario,Entidades Locales,"1398862,31"
2010,Esquerra Republicana de Catalunya,Pública,Subvención,Electoral,Elecciones Generales 09/03/2008,"125057,55"
2010,Esquerra Republicana de Catalunya,Pública,Subvención,Electoral,Parlamento  de Cataluña 28/11/2010,"506830,5"
2010,Esquerra Republicana de Catalunya,Privada,Particulares,Particulares,"Cuotas y aportaciones de afiliados, adheridos y simpatizantes","994904,56"
2010,Esquerra Republicana de Catalunya,Privada,Particulares,Particulares,Donaciones,2412
2010,Esquerra Republicana de Catalunya,Privada,Particulares,Particulares,Otros Ingresos Financiación Privada,"106429,72"
2010,Esquerra Republicana de Catalunya,Privada,Crédito,Deuda contraída con entidades de crédito,Deuda con entidades de crédito,"615623,08"
2010,Entesa Catalana de Progrés,Pública,Subvención,Funcionamiento Ordinario,Cortes Generales,"543486,96"
2010,Entesa Catalana de Progrés,Pública,Subvención,Electoral,Elecciones Generales 09/03/2008,"576400,91"
2010,Convergencia i Unió,Pública,Subvención,Funcionamiento Ordinario,Subvención Estatal,"127436,72"
2010,Convergencia i Unió,Pública,Subvención,Funcionamiento Ordinario,Cortes Generales,"918772,2"
2010,Convergencia i Unió,Pública,Subvención,Funcionamiento Ordinario,Asambleas Legislativas Autonómicas y Ciudades Autónomas,"4778012,32"
2010,Convergencia i Unió,Pública,Subvención,Funcionamiento Ordinario,Entidades Locales,"2645484,52"
2010,Convergencia i Unió,Pública,Subvención,Electoral,Elecciones Generales 09/03/2008,"230252,5"
2010,Convergencia i Unió,Pública,Subvención,Electoral,Parlamento  de Cataluña 28/11/2010,"765198,41"
2010,Convergencia i Unió,Privada,Particulares,Particulares,Donaciones,270
2010,Convergencia i Unió,Privada,Particulares,Particulares,Otros Ingresos Financiación Privada,"13463,71"
2010,Convergencia i Unió,Privada,Crédito,Deuda contraída con entidades de crédito,Deuda con entidades de crédito,"12310369,93"
2010,Convergencia Democratica de Cataluña,Pública,Subvención,Funcionamiento Ordinario,Subvención Estatal,"1861499,04"
2010,Convergencia Democratica de Cataluña,Pública,Subvención,Funcionamiento Ordinario,Entidades Locales,"66371,34"
2010,Convergencia Democratica de Cataluña,Privada,Particulares,Particulares,"Cuotas y aportaciones de afiliados, adheridos y simpatizantes","2903044,64"
2010,Convergencia Democratica de Cataluña,Privada,Particulares,Particulares,Donaciones,"142254,99"
2010,Convergencia Democratica de Cataluña,Privada,Particulares,Particulares,Otros Ingresos Financiación Privada,"3957257,81"
2010,Convergencia Democratica de Cataluña,Privada,Crédito,Deuda contraída con entidades de crédito,Deuda con entidades de crédito,"2027607,27"
2010,Compromís pel País Valencià,Pública,Subvención,Funcionamiento Ordinario,Gobiernos Autonómicos,"251500,82"
2010,Compromís pel País Valencià,Pública,Subvención,Funcionamiento Ordinario,Asambleas Legislativas Autonómicas y Ciudades Autónomas,"380831,69"
2010,Compromís pel País Valencià,Privada,Particulares,Particulares,Otros Ingresos Financiación Privada,"40259,59"
2010,Compromís pel País Valencià,Privada,Crédito,Deuda contraída con entidades de crédito,Deuda con entidades de crédito,"39820,31"
2010,Coalición Canaria,Pública,Subvención,Funcionamiento Ordinario,Subvención Estatal,"565083,51"
2010,Coalición Canaria,Pública,Subvención,Funcionamiento Ordinario,Cortes Generales,"144777,92"
2010,Coalición Canaria,Pública,Subvención,Funcionamiento Ordinario,Asambleas Legislativas Autonómicas y Ciudades Autónomas,672600
2010,Coalición Canaria,Pública,Subvención,Funcionamiento Ordinario,Entidades Locales,"903169,71"
2010,Coalición Canaria,Privada,Particulares,Particulares,"Cuotas y aportaciones de afiliados, adheridos y simpatizantes","269164,24"
2010,Coalición Canaria,Privada,Particulares,Particulares,Otros Ingresos Financiación Privada,"1917,08"
2010,Coalición Canaria,Privada,Crédito,Deuda contraída con entidades de crédito,Deuda con entidades de crédito,"194981,08"
2010,Bloque Nacionalista Galego,Pública,Subvención,Funcionamiento Ordinario,Subvención Estatal,"652458,09"
2010,Bloque Nacionalista Galego,Pública,Subvención,Funcionamiento Ordinario,Cortes Generales,"144777,92"
2010,Bloque Nacionalista Galego,Pública,Subvención,Funcionamiento Ordinario,Asambleas Legislativas Autonómicas y Ciudades Autónomas,"518455,08"
2010,Bloque Nacionalista Galego,Pública,Subvención,Funcionamiento Ordinario,Entidades Locales,"620451,04"
2010,Bloque Nacionalista Galego,Pública,Subvención,Electoral,Elecciones Generales 09/03/2008,"68021,75"
2010,Bloque Nacionalista Galego,Privada,Particulares,Particulares,"Cuotas y aportaciones de afiliados, adheridos y simpatizantes","714582,38"
2010,Bloque Nacionalista Galego,Privada,Particulares,Particulares,Donaciones,"606551,42"
2010,Bloque Nacionalista Galego,Privada,Particulares,Particulares,Otros Ingresos Financiación Privada,"690344,05"
2010,Bloque Nacionalista Galego,Privada,Crédito,Deuda contraída con entidades de crédito,Deuda con entidades de crédito,"3724493,88"
2010,Aralar,Pública,Subvención,Funcionamiento Ordinario,Gobiernos Autonómicos,"377245,21"
2010,Aralar,Pública,Subvención,Funcionamiento Ordinario,Asambleas Legislativas Autonómicas y Ciudades Autónomas,369408
2010,Aralar,Pública,Subvención,Funcionamiento Ordinario,Entidades Locales,"122470,48"
2010,Aralar,Privada,Particulares,Particulares,"Cuotas y aportaciones de afiliados, adheridos y simpatizantes","243905,87"
2010,Aralar,Privada,Particulares,Particulares,Otros Ingresos Financiación Privada,"1086,4"
2010,Aralar,Privada,Crédito,Deuda contraída con entidades de crédito,Deuda con entidades de crédito,"120176,96"
2009,Unión Progreso y Democracia,Pública,Subvención,Funcionamiento Ordinario,Subvención Estatal,"788268,99"
2009,Unión Progreso y Democracia,Pública,Subvención,Funcionamiento Ordinario,Gobiernos Autonómicos,"50092,22"
2009,Unión Progreso y Democracia,Pública,Subvención,Funcionamiento Ordinario,Cortes Generales,"71154,41"
2009,Unión Progreso y Democracia,Pública,Subvención,Funcionamiento Ordinario,Asambleas Legislativas Autonómicas y Ciudades Autónomas,"82359,35"
2009,Unión Progreso y Democracia,Pública,Subvención,Electoral,Parlamento Vasco 01/03/2009,"100402,31"
2009,Unión Progreso y Democracia,Pública,Subvención,Electoral,Parlamento Europeo 07/06/2009,"715768,49"
2009,Unión Progreso y Democracia,Privada,Particulares,Particulares,"Cuotas y aportaciones de afiliados, adheridos y simpatizantes","834347,01"
2009,Unión Progreso y Democracia,Privada,Particulares,Particulares,Donaciones,36456
2009,Unión Progreso y Democracia,Privada,Particulares,Particulares,Otros Ingresos Financiación Privada,"144356,28"
2009,Unión Progreso y Democracia,Privada,Crédito,Deuda contraída con entidades de crédito,Deuda con entidades de crédito,"119733,61"
2009,Unión del Pueblo Navarro,Pública,Subvención,Funcionamiento Ordinario,Subvención Estatal,"470223,98"
2009,Unión del Pueblo Navarro,Pública,Subvención,Funcionamiento Ordinario,Cortes Generales,"80907,29"
2009,Unión del Pueblo Navarro,Pública,Subvención,Funcionamiento Ordinario,Asambleas Legislativas Autonómicas y Ciudades Autónomas,"1018510,43"
2009,Unión del Pueblo Navarro,Pública,Subvención,Funcionamiento Ordinario,Entidades Locales,"71007,63"
2009,Unión del Pueblo Navarro,Pública,Subvención,Electoral,Elecciones Locales 27/05/2007,"22210,07"
2009,Unión del Pueblo Navarro,Privada,Particulares,Particulares,"Cuotas y aportaciones de afiliados, adheridos y simpatizantes",79678
2009,Unión del Pueblo Navarro,Privada,Particulares,Particulares,Otros Ingresos Financiación Privada,"62090,04"
2009,Unión del Pueblo Navarro,Privada,Crédito,Deuda contraída con entidades de crédito,Deuda con entidades de crédito,0
2009,Unió Democrática de Catalunya,Pública,Subvención,Funcionamiento Ordinario,Subvención Estatal,"414495,45"
2009,Unió Democrática de Catalunya,Pública,Subvención,Funcionamiento Ordinario,Entidades Locales,"41423,18"
2009,Unió Democrática de Catalunya,Privada,Particulares,Particulares,"Cuotas y aportaciones de afiliados, adheridos y simpatizantes",89750
2009,Unió Democrática de Catalunya,Privada,Particulares,Particulares,Donaciones,236500
2009,Unió Democrática de Catalunya,Privada,Particulares,Particulares,Otros Ingresos Financiación Privada,"194401,63"
2009,Unió Democrática de Catalunya,Privada,Crédito,Deuda contraída con entidades de crédito,Deuda con entidades de crédito,"13602518,27"
2009,Partit dels Socialistes de Catalunya,Pública,Subvención,Funcionamiento Ordinario,Subvención Estatal,"5939393,21"
2009,Partit dels Socialistes de Catalunya,Pública,Subvención,Funcionamiento Ordinario,Asambleas Legislativas Autonómicas y Ciudades Autónomas,"4631754,4"
2009,Partit dels Socialistes de Catalunya,Pública,Subvención,Funcionamiento Ordinario,Entidades Locales,"4231638,45"
2009,Partit dels Socialistes de Catalunya,Pública,Subvención,Electoral,Parlamento  de Cataluña 01/11/2006,"212507,46"
2009,Partit dels Socialistes de Catalunya,Pública,Subvención,Electoral,Elecciones Locales 27/05/2007,"389370,54"
2009,Partit dels Socialistes de Catalunya,Privada,Particulares,Particulares,"Cuotas y aportaciones de afiliados, adheridos y simpatizantes","1223399,84"
2009,Partit dels Socialistes de Catalunya,Privada,Particulares,Particulares,Donaciones,"1727923,26"
2009,Partit dels Socialistes de Catalunya,Privada,Particulares,Particulares,Otros Ingresos Financiación Privada,"362010,03"
2009,Partit dels Socialistes de Catalunya,Privada,Crédito,Deuda contraída con entidades de crédito,Deuda con entidades de crédito,"9603088,94"
2009,Partido Socialista Obrero Español,Pública,Subvención,Funcionamiento Ordinario,Subvención Estatal,"33898935,87"
2009,Partido Socialista Obrero Español,Pública,Subvención,Funcionamiento Ordinario,Gobiernos Autonómicos,"3523065,9"
2009,Partido Socialista Obrero Español,Pública,Subvención,Funcionamiento Ordinario,Cortes Generales,"6480569,49"
2009,Partido Socialista Obrero Español,Pública,Subvención,Funcionamiento Ordinario,Asambleas Legislativas Autonómicas y Ciudades Autónomas,"20194874,41"
2009,Partido Socialista Obrero Español,Pública,Subvención,Funcionamiento Ordinario,Entidades Locales,"17095716,68"
2009,Partido Socialista Obrero Español,Pública,Subvención,Electoral,Elecciones Locales 27/05/2007,"1486366,66"
2009,Partido Socialista Obrero Español,Pública,Subvención,Electoral,Parlamento de Andalucía 09/03/2008,"398973,69"
2009,Partido Socialista Obrero Español,Pública,Subvención,Electoral,Parlamento de Galicia 01/03/2009,"1253365,25"
2009,Partido Socialista Obrero Español,Pública,Subvención,Electoral,Parlamento Vasco 01/03/2009,"1388264,24"
2009,Partido Socialista Obrero Español,Pública,Subvención,Electoral,Parlamento Europeo 07/06/2009,"11311226,92"
2009,Partido Socialista Obrero Español,Privada,Particulares,Particulares,"Cuotas y aportaciones de afiliados, adheridos y simpatizantes","17900436,31"
2009,Partido Socialista Obrero Español,Privada,Particulares,Particulares,Donaciones,"2560532,94"
2009,Partido Socialista Obrero Español,Privada,Particulares,Particulares,Otros Ingresos Financiación Privada,"7000179,15"
2009,Partido Socialista Obrero Español,Privada,Crédito,Deuda contraída con entidades de crédito,Deuda con entidades de crédito,"71516757,75"
2009,Partido Popular,Pública,Subvención,Funcionamiento Ordinario,Subvención Estatal,"35811529,68"
2009,Partido Popular,Pública,Subvención,Funcionamiento Ordinario,Gobiernos Autonómicos,"3090225,01"
2009,Partido Popular,Pública,Subvención,Funcionamiento Ordinario,Cortes Generales,6548949
2009,Partido Popular,Pública,Subvención,Funcionamiento Ordinario,Asambleas Legislativas Autonómicas y Ciudades Autónomas,"22833601,2"
2009,Partido Popular,Pública,Subvención,Funcionamiento Ordinario,Entidades Locales,"17438235,78"
2009,Partido Popular,Pública,Subvención,Electoral,Parlamento  de Cataluña 01/11/2006,"148734,18"
2009,Partido Popular,Pública,Subvención,Electoral,Elecciones Locales 27/05/2007,"2291173,06"
2009,Partido Popular,Pública,Subvención,Electoral,Parlamento de Andalucía 09/03/2008,"397664,01"
2009,Partido Popular,Pública,Subvención,Electoral,Parlamento de Galicia 01/03/2009,"1652185,53"
2009,Partido Popular,Pública,Subvención,Electoral,Parlamento Vasco 01/03/2009,944518
2009,Partido Popular,Pública,Subvención,Electoral,Parlamento Europeo 07/06/2009,"11847753,45"
2009,Partido Popular,Privada,Particulares,Particulares,"Cuotas y aportaciones de afiliados, adheridos y simpatizantes","10732993,79"
2009,Partido Popular,Privada,Particulares,Particulares,Donaciones,"679820,18"
2009,Partido Popular,Privada,Particulares,Particulares,Otros Ingresos Financiación Privada,"1419412,06"
2009,Partido Popular,Privada,Crédito,Deuda contraída con entidades de crédito,Deuda con entidades de crédito,"63662694,39"
2009,Partido Nacionalista Vasco,Pública,Subvención,Funcionamiento Ordinario,Subvención Estatal,"1195806,42"
2009,Partido Nacionalista Vasco,Pública,Subvención,Funcionamiento Ordinario,Gobiernos Autonómicos,"2722676,56"
2009,Partido Nacionalista Vasco,Pública,Subvención,Funcionamiento Ordinario,Cortes Generales,"484484,04"
2009,Partido Nacionalista Vasco,Pública,Subvención,Funcionamiento Ordinario,Asambleas Legislativas Autonómicas y Ciudades Autónomas,"1122209,31"
2009,Partido Nacionalista Vasco,Pública,Subvención,Funcionamiento Ordinario,Entidades Locales,"2760941,04"
2009,Partido Nacionalista Vasco,Pública,Subvención,Electoral,Elecciones Locales 27/05/2007,"61236,63"
2009,Partido Nacionalista Vasco,Pública,Subvención,Electoral,Parlamento Vasco 01/03/2009,"1561643,66"
2009,Partido Nacionalista Vasco,Privada,Particulares,Particulares,"Cuotas y aportaciones de afiliados, adheridos y simpatizantes","1970215,87"
2009,Partido Nacionalista Vasco,Privada,Particulares,Particulares,Donaciones,20000
2009,Partido Nacionalista Vasco,Privada,Particulares,Particulares,Otros Ingresos Financiación Privada,"2654287,32"
2009,Partido Nacionalista Vasco,Privada,Crédito,Deuda contraída con entidades de crédito,Deuda con entidades de crédito,"25953311,29"
2009,Partido Comunista de España,Privada,Particulares,Particulares,"Cuotas y aportaciones de afiliados, adheridos y simpatizantes","88488,12"
2009,Partido Comunista de España,Privada,Particulares,Particulares,Donaciones,"18698,63"
2009,Partido Comunista de España,Privada,Particulares,Particulares,Otros Ingresos Financiación Privada,"354595,22"
2009,Partido Comunista de España,Privada,Crédito,Deuda contraída con entidades de crédito,Deuda con entidades de crédito,"370881,74"
2009,Otras formaciones con representación parlamentaria,Pública,Subvención,Funcionamiento Ordinario,Cortes Generales,463761
2009,Otras formaciones con representación parlamentaria,Pública,Subvención,Funcionamiento Ordinario,Asambleas Legislativas Autonómicas y Ciudades Autónomas,"3452727,61"
2009,Otras formaciones,Pública,Subvención,Funcionamiento Ordinario,Entidades Locales,"5284213,27"
2009,Otras formaciones,Pública,Subvención,Electoral,Parlamento  de Cataluña 01/11/2006,"22008,1"
2009,Otras formaciones,Pública,Subvención,Electoral,Elecciones Locales 27/05/2007,"413443,35"
2009,Otras formaciones,Pública,Subvención,Electoral,Parlamento Europeo 07/06/2009,"3269323,28"
2009,Nafarroa Bai,Pública,Subvención,Funcionamiento Ordinario,Subvención Estatal,"225571,67"
2009,Nafarroa Bai,Pública,Subvención,Funcionamiento Ordinario,Cortes Generales,"71154,41"
2009,Nafarroa Bai,Pública,Subvención,Funcionamiento Ordinario,Asambleas Legislativas Autonómicas y Ciudades Autónomas,613344
2009,Nafarroa Bai,Pública,Subvención,Funcionamiento Ordinario,Entidades Locales,"45368,44"
2009,Nafarroa Bai,Pública,Subvención,Electoral,Elecciones Locales 27/05/2007,"22038,95"
2009,Nafarroa Bai,Privada,Particulares,Particulares,Donaciones,400
2009,Nafarroa Bai,Privada,Particulares,Particulares,Otros Ingresos Financiación Privada,"3909,67"
2009,Izquierda Unida- Iniciativa per Catalunya Verds - Esquerra Unidad i Alternativa - Blouqe por Asturies: La Izquierda,Pública,Subvención,Electoral,Parlamento Europeo 07/06/2009,"1830590,63"
2009,Izquierda Unida,Pública,Subvención,Funcionamiento Ordinario,Subvención Estatal,"1897718,82"
2009,Izquierda Unida,Pública,Subvención,Funcionamiento Ordinario,Gobiernos Autonómicos,"236672,32"
2009,Izquierda Unida,Pública,Subvención,Funcionamiento Ordinario,Asambleas Legislativas Autonómicas y Ciudades Autónomas,"3151974,93"
2009,Izquierda Unida,Pública,Subvención,Funcionamiento Ordinario,Entidades Locales,"3842141,35"
2009,Izquierda Unida,Pública,Subvención,Electoral,Elecciones Locales 27/05/2007,"414738,42"
2009,Izquierda Unida,Pública,Subvención,Electoral,Parlamento de Andalucía 09/03/2008,"750676,63"
2009,Izquierda Unida,Pública,Subvención,Electoral,Parlamento Vasco 01/03/2009,"194861,73"
2009,Izquierda Unida,Privada,Particulares,Particulares,"Cuotas y aportaciones de afiliados, adheridos y simpatizantes","2238691,92"
2009,Izquierda Unida,Privada,Particulares,Particulares,Donaciones,"170789,54"
2009,Izquierda Unida,Privada,Particulares,Particulares,Otros Ingresos Financiación Privada,"862651,38"
2009,Izquierda Unida,Privada,Crédito,Deuda contraída con entidades de crédito,Deuda con entidades de crédito,"15076134,82"
2009,Iniciativa per Catalunya Verds,Pública,Subvención,Funcionamiento Ordinario,Subvención Estatal,"504842,08"
2009,Iniciativa per Catalunya Verds,Pública,Subvención,Funcionamiento Ordinario,Asambleas Legislativas Autonómicas y Ciudades Autónomas,"1777063,4"
2009,Iniciativa per Catalunya Verds,Pública,Subvención,Funcionamiento Ordinario,Entidades Locales,"1458711,43"
2009,Iniciativa per Catalunya Verds,Pública,Subvención,Electoral,Parlamento  de Cataluña 01/11/2006,"142998,98"
2009,Iniciativa per Catalunya Verds,Pública,Subvención,Electoral,Elecciones Locales 27/05/2007,"26023,14"
2009,Iniciativa per Catalunya Verds,Privada,Particulares,Particulares,"Cuotas y aportaciones de afiliados, adheridos y simpatizantes",251637
2009,Iniciativa per Catalunya Verds,Privada,Particulares,Particulares,Otros Ingresos Financiación Privada,"632542,48"
2009,Iniciativa per Catalunya Verds,Privada,Crédito,Deuda contraída con entidades de crédito,Deuda con entidades de crédito,"11268423,72"
2009,Grupo Senadores Nacionalistas,Pública,Subvención,Funcionamiento Ordinario,Cortes Generales,"287105,67"
2009,Grupo Mixto,Pública,Subvención,Funcionamiento Ordinario,Cortes Generales,"517733,22"
2009,Ezker Batua Berdeak,Privada,Particulares,Particulares,"Cuotas y aportaciones de afiliados, adheridos y simpatizantes","546006,37"
2009,Ezker Batua Berdeak,Privada,Particulares,Particulares,Otros Ingresos Financiación Privada,"100628,32"
2009,Ezker Batua Berdeak,Privada,Crédito,Deuda contraída con entidades de crédito,Deuda con entidades de crédito,"1270192,6"
2009,Eusko Alkartasuna,Pública,Subvención,Funcionamiento Ordinario,Gobiernos Autonómicos,"277377,15"
2009,Eusko Alkartasuna,Pública,Subvención,Funcionamiento Ordinario,Asambleas Legislativas Autonómicas y Ciudades Autónomas,"169193,99"
2009,Eusko Alkartasuna,Pública,Subvención,Funcionamiento Ordinario,Entidades Locales,493391
2009,Eusko Alkartasuna,Pública,Subvención,Electoral,Elecciones Locales 27/05/2007,"46862,4"
2009,Eusko Alkartasuna,Pública,Subvención,Electoral,Parlamento Vasco 01/03/2009,"200586,59"
2009,Eusko Alkartasuna,Privada,Particulares,Particulares,"Cuotas y aportaciones de afiliados, adheridos y simpatizantes","504188,4"
2009,Eusko Alkartasuna,Privada,Particulares,Particulares,Otros Ingresos Financiación Privada,"182712,73"
2009,Eusko Alkartasuna,Privada,Crédito,Deuda contraída con entidades de crédito,Deuda con entidades de crédito,"2745500,46"
2009,Esquerra Unida del País Valencià,Privada,Particulares,Particulares,"Cuotas y aportaciones de afiliados, adheridos y simpatizantes","182754,56"
2009,Esquerra Unida del País Valencià,Privada,Particulares,Particulares,Donaciones,"4507,5"
2009,Esquerra Unida del País Valencià,Privada,Particulares,Particulares,Otros Ingresos Financiación Privada,"44645,43"
2009,Esquerra Unida del País Valencià,Privada,Crédito,Deuda contraída con entidades de crédito,Deuda con entidades de crédito,"380936,74"
2009,Esquerra Republicana de Catalunya,Pública,Subvención,Funcionamiento Ordinario,Subvención Estatal,"991682,81"
2009,Esquerra Republicana de Catalunya,Pública,Subvención,Funcionamiento Ordinario,Asambleas Legislativas Autonómicas y Ciudades Autónomas,2818186
2009,Esquerra Republicana de Catalunya,Pública,Subvención,Funcionamiento Ordinario,Entidades Locales,"1484914,58"
2009,Esquerra Republicana de Catalunya,Pública,Subvención,Electoral,Parlamento  de Cataluña 01/11/2006,"168943,5"
2009,Esquerra Republicana de Catalunya,Pública,Subvención,Electoral,Elecciones Locales 27/05/2007,"127105,45"
2009,Esquerra Republicana de Catalunya,Privada,Particulares,Particulares,"Cuotas y aportaciones de afiliados, adheridos y simpatizantes","1135665,14"
2009,Esquerra Republicana de Catalunya,Privada,Particulares,Particulares,Donaciones,308
2009,Esquerra Republicana de Catalunya,Privada,Particulares,Particulares,Otros Ingresos Financiación Privada,"118243,07"
2009,Esquerra Republicana de Catalunya,Privada,Crédito,Deuda contraída con entidades de crédito,Deuda con entidades de crédito,"1070066,6"
2009,Entesa Catalana de Progrés,Pública,Subvención,Funcionamiento Ordinario,Cortes Generales,"543486,96"
2009,Entesa Catalana de Progrés,Pública,Subvención,Electoral,Elecciones Locales 27/05/2007,"94,13"
2009,Convergencia i Unió,Pública,Subvención,Funcionamiento Ordinario,Subvención Estatal,"956683,08"
2009,Convergencia i Unió,Pública,Subvención,Funcionamiento Ordinario,Cortes Generales,"917070,12"
2009,Convergencia i Unió,Pública,Subvención,Funcionamiento Ordinario,Asambleas Legislativas Autonómicas y Ciudades Autónomas,"5897747,8"
2009,Convergencia i Unió,Pública,Subvención,Funcionamiento Ordinario,Entidades Locales,"2711757,51"
2009,Convergencia i Unió,Pública,Subvención,Electoral,Parlamento  de Cataluña 01/11/2006,"255066,14"
2009,Convergencia i Unió,Pública,Subvención,Electoral,Elecciones Locales 27/05/2007,"218240,11"
2009,Convergencia i Unió,Privada,Particulares,Particulares,Donaciones,3400
2009,Convergencia i Unió,Privada,Particulares,Particulares,Otros Ingresos Financiación Privada,"55999,79"
2009,Convergencia i Unió,Privada,Crédito,Deuda contraída con entidades de crédito,Deuda con entidades de crédito,"12467433,84"
2009,Convergencia Democratica de Cataluña,Pública,Subvención,Funcionamiento Ordinario,Subvención Estatal,"1243486,34"
2009,Convergencia Democratica de Cataluña,Pública,Subvención,Funcionamiento Ordinario,Entidades Locales,"137879,44"
2009,Convergencia Democratica de Cataluña,Privada,Particulares,Particulares,"Cuotas y aportaciones de afiliados, adheridos y simpatizantes","2535913,87"
2009,Convergencia Democratica de Cataluña,Privada,Particulares,Particulares,Donaciones,387500
2009,Convergencia Democratica de Cataluña,Privada,Particulares,Particulares,Otros Ingresos Financiación Privada,"2873853,7"
2009,Convergencia Democratica de Cataluña,Privada,Crédito,Deuda contraída con entidades de crédito,Deuda con entidades de crédito,"2551323,36"
2009,Compromís pel País Valencià,Pública,Subvención,Funcionamiento Ordinario,Gobiernos Autonómicos,"279445,36"
2009,Compromís pel País Valencià,Pública,Subvención,Funcionamiento Ordinario,Asambleas Legislativas Autonómicas y Ciudades Autónomas,"382704,84"
2009,Compromís pel País Valencià,Privada,Particulares,Particulares,Otros Ingresos Financiación Privada,"38215,75"
2009,Compromís pel País Valencià,Privada,Crédito,Deuda contraída con entidades de crédito,Deuda con entidades de crédito,"59174,53"
2009,Coalición Canaria,Pública,Subvención,Funcionamiento Ordinario,Subvención Estatal,"566215,96"
2009,Coalición Canaria,Pública,Subvención,Funcionamiento Ordinario,Cortes Generales,"142308,83"
2009,Coalición Canaria,Pública,Subvención,Funcionamiento Ordinario,Asambleas Legislativas Autonómicas y Ciudades Autónomas,672600
2009,Coalición Canaria,Pública,Subvención,Funcionamiento Ordinario,Entidades Locales,"646111,83"
2009,Coalición Canaria,Pública,Subvención,Electoral,Elecciones Locales 27/05/2007,"157800,55"
2009,Coalición Canaria,Privada,Particulares,Particulares,"Cuotas y aportaciones de afiliados, adheridos y simpatizantes","281684,25"
2009,Coalición Canaria,Privada,Particulares,Particulares,Donaciones,60000
2009,Coalición Canaria,Privada,Particulares,Particulares,Otros Ingresos Financiación Privada,"1253,93"
2009,Coalición Canaria,Privada,Crédito,Deuda contraída con entidades de crédito,Deuda con entidades de crédito,"531044,17"
2009,Bloque Nacionalista Galego,Pública,Subvención,Funcionamiento Ordinario,Subvención Estatal,"653765,64"
2009,Bloque Nacionalista Galego,Pública,Subvención,Funcionamiento Ordinario,Cortes Generales,"142308,83"
2009,Bloque Nacionalista Galego,Pública,Subvención,Funcionamiento Ordinario,Asambleas Legislativas Autonómicas y Ciudades Autónomas,"523966,11"
2009,Bloque Nacionalista Galego,Pública,Subvención,Funcionamiento Ordinario,Entidades Locales,"629796,38"
2009,Bloque Nacionalista Galego,Pública,Subvención,Electoral,Elecciones Locales 27/05/2007,"81961,95"
2009,Bloque Nacionalista Galego,Pública,Subvención,Electoral,Parlamento de Galicia 01/03/2009,"957531,76"
2009,Bloque Nacionalista Galego,Privada,Particulares,Particulares,"Cuotas y aportaciones de afiliados, adheridos y simpatizantes","685591,44"
2009,Bloque Nacionalista Galego,Privada,Particulares,Particulares,Donaciones,"305230,45"
2009,Bloque Nacionalista Galego,Privada,Particulares,Particulares,Otros Ingresos Financiación Privada,"942409,25"
2009,Bloque Nacionalista Galego,Privada,Crédito,Deuda contraída con entidades de crédito,Deuda con entidades de crédito,"4329687,38"
2009,Aralar,Pública,Subvención,Funcionamiento Ordinario,Gobiernos Autonómicos,"370987,48"
2009,Aralar,Pública,Subvención,Funcionamiento Ordinario,Asambleas Legislativas Autonómicas y Ciudades Autónomas,"289522,59"
2009,Aralar,Pública,Subvención,Funcionamiento Ordinario,Entidades Locales,"235832,26"
2009,Aralar,Pública,Subvención,Electoral,Elecciones Locales 27/05/2007,"16239,28"
2009,Aralar,Pública,Subvención,Electoral,Parlamento Vasco 01/03/2009,"500619,54"
2009,Aralar,Privada,Particulares,Particulares,"Cuotas y aportaciones de afiliados, adheridos y simpatizantes","357526,34"
2009,Aralar,Privada,Particulares,Particulares,Donaciones,3000
2009,Aralar,Privada,Particulares,Particulares,Otros Ingresos Financiación Privada,"5120,04"
2009,Aralar,Privada,Crédito,Deuda contraída con entidades de crédito,Deuda con entidades de crédito,"212535,44"
,Total,,,,,"1782548946,66"
